,연령,동구 충장동_남,동구 충장동_여,동구 동명동_남,동구 동명동_여,동구 계림1동_남,동구 계림1동_여,동구 계림2동_남,동구 계림2동_여,동구 산수1동_남,동구 산수1동_여,동구 산수2동_남,동구 산수2동_여,동구 지산1동_남,동구 지산1동_여,동구 지산2동_남,동구 지산2동_여,동구 서남동_남,동구 서남동_여,동구 학동_남,동구 학동_여,동구 학운동_남,동구 학운동_여,동구 지원1동_남,동구 지원1동_여,동구 지원2동_남,동구 지원2동_여,서구 양동_남,서구 양동_여,서구 양3동_남,서구 양3동_여,서구 농성1동_남,서구 농성1동_여,서구 농성2동_남,서구 농성2동_여,서구 광천동_남,서구 광천동_여,서구 유덕동_남,서구 유덕동_여,서구 치평동_남,서구 치평동_여,서구 상무1동_남,서구 상무1동_여,서구 상무2동_남,서구 상무2동_여,서구 화정1동_남,서구 화정1동_여,서구 화정2동_남,서구 화정2동_여,서구 화정3동_남,서구 화정3동_여,서구 화정4동_남,서구 화정4동_여,서구 서창동_남,서구 서창동_여,서구 금호1동_남,서구 금호1동_여,서구 금호2동_남,서구 금호2동_여,서구 풍암동_남,서구 풍암동_여,서구 동천동_남,서구 동천동_여,남구 양림동_남,남구 양림동_여,남구 방림1동_남,남구 방림1동_여,남구 방림2동_남,남구 방림2동_여,남구 봉선1동_남,남구 봉선1동_여,남구 봉선2동_남,남구 봉선2동_여,남구 사직동_남,남구 사직동_여,남구 월산동_남,남구 월산동_여,남구 월산4동_남,남구 월산4동_여,남구 월산5동_남,남구 월산5동_여,남구 백운1동_남,남구 백운1동_여,남구 백운2동_남,남구 백운2동_여,남구 주월1동_남,남구 주월1동_여,남구 주월2동_남,남구 주월2동_여,남구 효덕동_남,남구 효덕동_여,남구 송암동_남,남구 송암동_여,남구 대촌동_남,남구 대촌동_여,북구 중흥1동_남,북구 중흥1동_여,북구 중흥2동_남,북구 중흥2동_여,북구 중흥3동_남,북구 중흥3동_여,북구 중앙동_남,북구 중앙동_여,북구 임동_남,북구 임동_여,북구 신안동_남,북구 신안동_여,북구 용봉동_남,북구 용봉동_여,북구 운암1동_남,북구 운암1동_여,북구 운암2동_남,북구 운암2동_여,북구 운암3동_남,북구 운암3동_여,북구 동림동_남,북구 동림동_여,북구 우산동_남,북구 우산동_여,북구 풍향동_남,북구 풍향동_여,북구 문화동_남,북구 문화동_여,북구 문흥1동_남,북구 문흥1동_여,북구 문흥2동_남,북구 문흥2동_여,북구 두암1동_남,북구 두암1동_여,북구 두암2동_남,북구 두암2동_여,북구 두암3동_남,북구 두암3동_여,북구 삼각동_남,북구 삼각동_여,북구 일곡동_남,북구 일곡동_여,북구 매곡동_남,북구 매곡동_여,북구 오치1동_남,북구 오치1동_여,북구 오치2동_남,북구 오치2동_여,북구 석곡동_남,북구 석곡동_여,북구 건국동_남,북구 건국동_여,북구 양산동_남,북구 양산동_여,광산구 송정1동_남,광산구 송정1동_여,광산구 송정2동_남,광산구 송정2동_여,광산구 도산동_남,광산구 도산동_여,광산구 신흥동_남,광산구 신흥동_여,광산구 어룡동_남,광산구 어룡동_여,광산구 우산동_남,광산구 우산동_여,광산구 월곡1동_남,광산구 월곡1동_여,광산구 월곡2동_남,광산구 월곡2동_여,광산구 비아동_남,광산구 비아동_여,광산구 첨단1동_남,광산구 첨단1동_여,광산구 첨단2동_남,광산구 첨단2동_여,광산구 신가동_남,광산구 신가동_여,광산구 운남동_남,광산구 운남동_여,광산구 신창동_남,광산구 신창동_여,광산구 수완동_남,광산구 수완동_여,광산구 하남동_남,광산구 하남동_여,광산구 임곡동_남,광산구 임곡동_여,광산구 동곡동_남,광산구 동곡동_여,광산구 평동_남,광산구 평동_여,광산구 삼도동_남,광산구 삼도동_여,광산구 본량동_남,광산구 본량동_여
0, 0 세,9,8,9,13,21,21,26,23,26,18,33,29,19,11,13,19,9,11,41,34,49,43,28,23,65,54,5,11,27,19,26,22,12,14,35,38,62,61,116,119,82,84,61,74,84,64,38,49,23,30,68,43,14,12,75,65,111,83,195,182,75,75,27,27,21,24,36,36,63,67,91,86,6,9,20,21,31,19,21,12,62,79,12,22,87,93,29,36,215,188,37,52,6,13,20,11,11,17,16,6,5,2,55,54,34,27,137,113,97,94,37,31,65,55,116,112,21,32,7,6,44,46,51,49,91,78,23,22,79,65,32,33,55,48,120,104,76,73,39,43,49,41,5,4,419,376,232,225,50.0,49.0,15.0,13.0,74.0,57.0,23.0,23.0,187.0,190.0,119.0,116.0,56.0,50.0,102.0,56.0,40.0,42.0,55.0,61.0,157.0,181.0,107.0,123.0,191.0,174.0,189.0,185.0,543.0,462,127.0,133.0,4.0,2.0,1.0,2.0,10.0,3.0,4.0,5.0,2.0,2.0
1,1 세,11,7,17,12,26,19,41,22,17,22,42,38,21,19,21,16,4,10,63,45,52,55,24,31,79,58,7,8,24,33,27,25,13,19,47,59,59,59,132,122,66,80,77,50,75,70,39,40,37,30,72,57,29,20,83,77,119,115,189,194,76,85,45,34,28,28,51,48,58,60,112,91,6,10,23,23,23,31,23,21,87,64,12,17,78,86,37,31,228,209,72,46,17,24,12,15,23,25,15,8,8,9,48,47,28,33,150,147,98,89,33,47,78,68,132,131,37,26,15,7,50,45,58,56,87,84,22,23,55,61,28,41,42,38,116,108,64,76,31,55,45,38,4,4,415,363,226,221,40.0,46.0,23.0,24.0,71.0,72.0,27.0,19.0,212.0,174.0,130.0,118.0,60.0,50.0,78.0,87.0,39.0,37.0,64.0,62.0,198.0,182.0,172.0,134.0,206.0,191.0,193.0,190.0,555.0,552,141.0,148.0,1.0,3.0,,1.0,9.0,5.0,3.0,5.0,2.0,2.0
2, 2 세,8,8,12,11,22,23,32,38,27,26,22,43,27,18,23,26,9,10,45,37,45,42,32,28,54,43,10,11,46,32,30,23,15,19,32,33,69,56,132,128,81,82,68,75,69,70,50,44,43,33,69,76,24,27,83,89,133,127,199,203,95,101,46,33,44,33,42,38,54,50,117,112,6,14,26,27,19,21,18,22,74,81,10,14,79,80,25,29,234,202,60,48,9,24,12,12,17,17,18,13,6,4,50,43,32,24,125,148,91,103,46,51,68,66,138,107,35,33,14,10,48,41,53,65,75,71,24,18,65,60,56,33,41,35,134,122,74,58,45,44,31,32,2,5,416,347,240,212,58.0,46.0,12.0,22.0,60.0,77.0,20.0,28.0,203.0,180.0,130.0,102.0,65.0,42.0,80.0,85.0,41.0,45.0,71.0,80.0,217.0,178.0,150.0,120.0,179.0,199.0,216.0,201.0,649.0,633,176.0,178.0,4.0,6.0,4.0,4.0,9.0,2.0,4.0,3.0,2.0,4.0
3, 3 세,12,6,11,7,18,25,43,27,28,28,38,46,28,25,15,22,11,10,43,39,51,61,41,36,48,47,8,9,44,34,25,28,12,16,46,34,86,65,156,148,96,85,72,78,69,78,40,35,44,32,76,67,30,30,98,83,164,152,251,205,133,129,41,47,42,40,34,42,80,63,126,113,16,12,29,30,27,36,32,21,109,98,11,18,111,84,50,39,264,262,66,48,25,21,10,11,30,28,17,20,2,4,27,42,39,29,142,152,129,104,50,53,72,60,115,115,25,36,12,8,53,58,76,87,97,106,27,18,98,79,52,28,44,61,149,148,75,80,62,48,32,42,5,3,415,413,289,198,69.0,51.0,20.0,20.0,91.0,92.0,32.0,20.0,262.0,224.0,133.0,121.0,54.0,57.0,94.0,99.0,58.0,49.0,111.0,91.0,229.0,225.0,200.0,143.0,211.0,186.0,226.0,213.0,803.0,752,188.0,202.0,9.0,6.0,2.0,,6.0,3.0,5.0,5.0,3.0,3.0
4, 4 세,6,5,13,5,19,17,37,40,28,32,40,40,29,18,22,18,7,7,27,32,60,63,36,24,27,57,7,7,49,29,29,19,13,11,55,40,58,70,128,121,85,110,86,80,80,55,37,36,47,48,79,72,25,27,96,88,144,128,238,232,138,158,61,42,50,54,28,28,75,58,131,154,10,8,32,19,29,33,23,23,92,92,10,14,75,81,38,32,259,279,58,50,22,25,6,4,24,22,12,11,4,2,43,38,26,33,141,148,118,99,42,42,70,73,115,127,42,28,8,11,56,49,90,83,113,96,31,25,64,76,49,39,58,56,192,125,72,75,48,45,42,36,3,3,410,379,234,214,51.0,53.0,17.0,16.0,94.0,94.0,27.0,20.0,190.0,178.0,113.0,112.0,58.0,59.0,102.0,92.0,38.0,32.0,101.0,95.0,245.0,216.0,154.0,157.0,220.0,202.0,248.0,256.0,827.0,704,263.0,207.0,1.0,,2.0,3.0,7.0,4.0,3.0,4.0,1.0,3.0
5, 5 세,8,7,12,12,18,14,43,24,22,32,44,41,22,13,15,22,5,9,28,21,43,41,45,32,32,45,11,8,33,37,20,21,21,11,38,33,89,71,129,122,96,90,75,81,60,70,51,35,44,40,81,73,24,25,100,86,176,146,252,238,147,148,52,44,59,44,31,41,79,81,160,153,16,16,27,29,34,22,21,28,87,82,8,10,115,89,36,37,274,247,58,42,20,27,7,9,23,25,23,14,3,9,37,54,24,28,173,149,119,97,55,40,72,51,131,110,31,35,15,12,59,43,80,83,85,104,29,38,66,84,52,44,53,54,149,159,68,86,50,44,42,35,6,4,416,369,213,217,69.0,51.0,18.0,20.0,111.0,70.0,19.0,29.0,207.0,197.0,109.0,106.0,58.0,56.0,111.0,98.0,41.0,37.0,109.0,96.0,245.0,252.0,177.0,148.0,192.0,202.0,265.0,244.0,818.0,816,240.0,195.0,3.0,3.0,7.0,2.0,8.0,5.0,3.0,3.0,1.0,3.0
6, 6 세,6,3,11,5,25,13,42,27,20,19,32,40,11,14,16,18,3,6,16,15,51,55,31,31,22,21,5,5,20,32,30,24,14,8,41,35,68,67,154,123,102,103,71,82,66,67,31,35,54,47,75,55,29,33,105,104,171,172,262,247,142,143,37,52,39,33,23,27,60,64,221,174,12,19,23,12,40,40,19,12,58,63,10,11,70,70,39,32,285,266,46,48,22,23,8,6,33,18,11,6,4,9,45,30,32,21,160,145,103,106,39,42,77,62,145,114,31,24,8,11,63,39,87,76,102,79,28,32,76,60,44,38,51,46,214,163,91,85,56,48,31,17,12,8,378,362,192,199,59.0,69.0,15.0,28.0,59.0,69.0,24.0,23.0,168.0,161.0,98.0,110.0,55.0,52.0,109.0,102.0,33.0,30.0,98.0,112.0,250.0,247.0,181.0,173.0,211.0,190.0,248.0,242.0,820.0,784,202.0,212.0,8.0,1.0,4.0,1.0,5.0,4.0,10.0,4.0,6.0,4.0
7, 7 세,1,8,17,6,14,13,35,41,15,16,32,40,26,18,23,10,8,7,17,20,45,45,32,35,30,25,12,6,23,10,29,16,15,17,32,33,84,60,149,127,102,109,82,96,57,51,35,43,44,42,68,97,31,26,109,83,176,202,277,269,157,155,45,40,47,39,33,28,89,76,214,216,17,13,25,20,33,26,19,17,66,71,5,10,95,82,34,29,296,274,41,37,19,24,11,5,24,23,16,13,4,7,37,43,24,21,156,159,110,95,42,48,72,72,125,100,36,32,13,6,50,53,89,72,90,99,32,21,83,82,57,43,62,48,210,162,67,77,59,49,27,31,7,3,383,360,211,249,46.0,54.0,16.0,15.0,87.0,76.0,18.0,12.0,180.0,185.0,103.0,102.0,62.0,71.0,120.0,116.0,52.0,36.0,122.0,128.0,241.0,244.0,183.0,166.0,186.0,189.0,278.0,273.0,801.0,805,211.0,179.0,7.0,4.0,5.0,2.0,12.0,5.0,8.0,5.0,4.0,5.0
8, 8 세,10,4,6,11,13,16,42,42,18,26,37,38,14,17,19,16,5,5,21,20,57,59,34,33,25,29,11,8,20,22,30,28,16,16,21,30,79,69,169,149,121,111,88,82,63,61,48,39,49,58,93,95,27,28,122,117,208,208,305,290,201,156,41,37,27,44,31,42,71,56,226,219,19,8,29,22,43,34,24,24,67,69,14,19,98,89,36,32,313,295,53,39,20,18,10,6,29,14,20,13,10,6,41,40,27,23,196,162,133,110,54,36,94,65,122,121,43,41,16,13,52,50,106,104,113,80,29,36,85,75,56,43,80,63,229,214,106,74,60,56,48,33,10,5,359,355,232,216,78.0,63.0,21.0,16.0,104.0,88.0,22.0,25.0,177.0,166.0,105.0,103.0,69.0,62.0,117.0,110.0,53.0,35.0,136.0,150.0,305.0,287.0,185.0,196.0,246.0,193.0,338.0,282.0,863.0,807,214.0,177.0,5.0,5.0,4.0,8.0,10.0,6.0,2.0,15.0,6.0,5.0
9, 9 세,9,4,9,8,12,17,38,47,25,16,37,38,21,18,22,19,5,4,20,18,48,48,34,26,30,20,7,9,16,18,25,24,15,15,34,31,74,56,117,162,130,102,110,75,62,48,36,33,47,52,92,84,21,23,135,102,209,201,321,259,141,154,42,53,40,37,36,39,80,88,184,217,12,12,21,27,30,28,22,18,50,56,16,12,105,69,42,25,275,268,38,35,17,17,8,6,26,23,16,10,7,3,33,37,36,29,161,144,77,98,41,39,74,74,122,108,46,35,9,7,48,44,93,96,102,75,28,20,78,76,62,35,49,45,237,190,88,91,64,51,42,40,6,4,318,268,199,219,72.0,62.0,17.0,15.0,92.0,94.0,18.0,22.0,166.0,160.0,102.0,93.0,64.0,61.0,112.0,95.0,38.0,41.0,153.0,138.0,283.0,232.0,199.0,157.0,188.0,207.0,273.0,226.0,709.0,709,164.0,160.0,3.0,3.0,3.0,3.0,10.0,2.0,5.0,5.0,8.0,2.0
10, 10 세,3,5,7,8,16,14,47,35,17,14,42,28,16,9,28,17,8,6,12,14,39,33,24,36,25,23,12,13,25,16,24,24,14,14,22,27,66,63,167,144,105,121,79,76,46,50,58,45,64,41,84,66,15,20,112,115,232,218,283,258,121,140,41,30,20,33,33,33,63,71,226,196,15,9,18,25,30,28,19,26,44,55,12,12,93,72,38,31,284,262,33,33,19,15,11,6,27,21,22,13,5,6,39,28,34,30,182,159,95,96,45,48,68,67,123,113,49,32,8,14,55,54,95,78,90,79,37,29,73,46,50,44,53,49,232,221,94,99,50,39,43,32,7,4,274,235,211,194,79.0,51.0,16.0,20.0,75.0,73.0,18.0,13.0,168.0,154.0,92.0,108.0,76.0,65.0,123.0,111.0,46.0,31.0,155.0,138.0,277.0,272.0,161.0,166.0,198.0,189.0,273.0,245.0,655.0,659,171.0,125.0,4.0,2.0,5.0,4.0,5.0,7.0,5.0,2.0,4.0,1.0
11, 11 세,11,6,16,13,25,15,39,56,20,22,37,46,16,10,28,21,6,11,18,13,57,40,43,40,41,28,5,6,21,21,29,17,20,12,28,33,84,66,175,144,120,123,85,96,70,58,49,38,54,51,130,89,28,19,123,136,228,235,295,305,148,141,51,43,33,29,45,28,85,63,218,230,13,9,29,20,27,43,23,16,54,50,25,10,109,82,42,48,315,304,34,47,14,18,10,4,20,20,17,17,5,5,35,34,25,21,203,155,97,108,37,43,90,76,131,98,57,31,16,18,69,59,103,96,78,94,29,27,88,72,57,53,82,54,275,238,114,100,54,58,44,43,6,6,280,285,217,209,65.0,69.0,23.0,11.0,93.0,79.0,25.0,27.0,173.0,161.0,123.0,104.0,79.0,76.0,120.0,117.0,40.0,45.0,160.0,170.0,334.0,315.0,212.0,175.0,254.0,188.0,286.0,264.0,635.0,662,141.0,161.0,4.0,2.0,5.0,2.0,3.0,1.0,9.0,6.0,4.0,2.0
12, 12 세,4,9,14,10,16,15,50,44,26,18,54,36,18,16,28,33,5,8,22,17,64,51,38,28,41,21,10,7,14,11,29,25,23,13,34,34,79,72,204,177,146,128,100,94,72,77,63,47,66,54,128,92,32,20,129,107,254,266,391,310,147,124,26,54,42,37,47,48,94,87,271,237,11,5,24,28,35,29,19,29,51,52,12,14,113,101,41,38,339,344,44,37,15,9,12,10,29,36,18,23,7,6,27,27,41,32,239,185,120,110,59,61,117,77,120,126,60,52,19,19,57,46,116,113,95,124,47,28,95,77,67,58,77,67,347,315,117,75,72,54,51,46,9,7,306,297,235,215,74.0,65.0,22.0,18.0,106.0,77.0,20.0,19.0,182.0,179.0,115.0,102.0,92.0,72.0,154.0,133.0,56.0,33.0,199.0,177.0,317.0,308.0,184.0,198.0,249.0,241.0,326.0,298.0,690.0,686,137.0,114.0,10.0,3.0,6.0,6.0,11.0,8.0,10.0,9.0,6.0,4.0
13, 13 세,9,9,16,17,18,28,43,30,33,21,53,47,19,15,22,23,12,7,14,19,51,52,39,33,44,31,10,14,28,15,32,27,26,14,40,41,94,80,187,172,118,126,128,106,84,50,65,47,80,59,109,86,28,25,183,106,281,269,361,316,139,135,54,37,41,32,53,45,87,100,241,262,15,16,32,27,42,33,31,23,53,62,27,14,101,100,48,45,331,352,35,33,17,17,9,8,34,28,20,15,6,10,39,20,54,42,234,217,105,98,55,53,109,92,124,111,55,45,16,14,70,61,115,122,117,101,37,48,94,77,54,69,81,64,285,264,95,83,58,59,61,54,10,4,286,257,239,233,68.0,71.0,25.0,20.0,108.0,84.0,22.0,15.0,150.0,177.0,120.0,99.0,85.0,73.0,141.0,127.0,46.0,43.0,206.0,171.0,338.0,308.0,170.0,179.0,233.0,206.0,277.0,277.0,623.0,630,121.0,113.0,9.0,9.0,7.0,3.0,5.0,9.0,3.0,2.0,,5.0
14, 14 세,11,14,19,13,30,18,73,53,41,26,51,67,30,16,30,28,6,11,16,16,65,47,39,49,39,51,17,6,16,27,20,24,33,17,43,38,106,97,256,251,147,165,119,124,77,70,89,62,94,74,136,118,35,25,159,155,305,263,397,377,139,166,43,46,36,48,64,50,108,92,305,265,13,9,36,30,46,40,37,32,65,69,15,30,137,136,49,49,378,392,44,36,15,19,10,11,37,33,25,23,8,7,49,31,40,53,274,223,139,134,68,60,111,110,147,140,52,47,21,18,75,70,153,133,114,110,49,44,112,106,73,65,102,62,324,294,133,95,78,84,85,67,13,8,329,288,246,247,88.0,71.0,36.0,29.0,115.0,97.0,26.0,16.0,191.0,186.0,138.0,124.0,96.0,86.0,130.0,147.0,48.0,45.0,231.0,217.0,419.0,376.0,214.0,218.0,262.0,245.0,315.0,331.0,730.0,667,116.0,126.0,8.0,4.0,6.0,9.0,6.0,7.0,9.0,7.0,6.0,4.0
15, 15 세,16,13,25,22,41,30,66,48,46,43,69,69,20,28,37,32,13,17,29,27,77,83,54,44,57,37,20,13,18,26,29,27,47,25,61,53,106,98,272,270,187,187,152,136,96,98,94,73,107,86,139,124,37,37,193,182,348,278,444,445,181,164,41,53,52,45,67,77,121,102,317,306,22,15,51,45,64,51,37,24,79,93,18,22,160,169,65,60,423,427,60,56,23,22,18,13,44,34,31,23,22,9,50,48,57,50,309,271,175,161,91,87,141,119,179,135,79,69,18,15,96,70,162,156,132,126,71,63,127,121,93,93,126,96,445,350,137,113,99,88,88,92,12,7,336,306,305,303,97.0,73.0,35.0,26.0,127.0,121.0,31.0,26.0,220.0,182.0,168.0,159.0,118.0,88.0,190.0,156.0,59.0,43.0,268.0,258.0,456.0,435.0,234.0,234.0,322.0,329.0,358.0,357.0,798.0,740,131.0,136.0,12.0,12.0,5.0,10.0,10.0,14.0,7.0,4.0,7.0,3.0
16, 16 세,13,18,18,15,44,31,60,60,44,42,54,57,19,22,47,46,14,18,34,25,76,55,49,40,38,38,17,21,28,15,46,34,55,32,63,56,120,104,296,247,158,157,169,143,100,103,99,82,121,89,159,124,41,27,206,183,304,294,394,362,147,125,52,37,51,48,73,78,107,136,300,300,20,20,58,39,61,72,40,40,92,79,16,25,154,161,71,59,421,420,66,53,14,25,21,7,43,43,16,28,10,15,45,49,65,60,284,293,132,165,104,85,150,145,145,155,69,82,20,33,85,79,148,139,129,121,55,48,126,127,93,91,138,94,414,338,137,103,109,89,88,76,14,9,267,286,275,255,101.0,87.0,49.0,35.0,93.0,109.0,21.0,29.0,212.0,180.0,171.0,157.0,99.0,119.0,165.0,137.0,59.0,41.0,276.0,257.0,458.0,391.0,226.0,223.0,310.0,277.0,355.0,303.0,636.0,646,100.0,120.0,11.0,11.0,11.0,5.0,13.0,13.0,19.0,4.0,7.0,6.0
17, 17 세,14,14,19,23,39,33,79,42,40,54,75,89,23,27,50,32,20,21,42,30,93,81,46,50,54,35,29,17,25,16,36,37,40,20,61,61,90,101,288,252,172,178,185,189,100,97,110,74,121,92,179,148,42,30,208,157,320,293,374,428,162,135,61,57,58,52,85,73,143,144,307,308,27,21,54,34,80,55,46,38,90,77,34,24,162,180,70,64,416,430,88,59,27,34,15,17,43,45,27,27,16,10,56,42,64,60,294,292,179,164,105,96,165,139,171,140,87,87,20,17,91,87,187,166,126,129,63,66,134,132,94,100,129,91,414,357,146,118,99,100,90,86,18,9,281,290,279,279,97.0,97.0,42.0,42.0,107.0,93.0,24.0,29.0,197.0,168.0,193.0,176.0,143.0,108.0,160.0,158.0,57.0,42.0,253.0,232.0,426.0,424.0,240.0,210.0,292.0,282.0,337.0,289.0,627.0,670,136.0,129.0,10.0,7.0,5.0,7.0,11.0,11.0,11.0,12.0,6.0,1.0
18, 18 세,21,25,21,24,42,32,76,63,56,33,84,86,19,20,40,36,6,22,36,42,96,87,53,54,46,45,27,19,25,22,37,38,45,29,69,68,111,101,279,294,182,196,209,186,123,130,139,87,130,86,199,148,56,34,228,204,318,277,380,412,152,143,56,62,58,56,72,70,144,121,289,327,24,23,59,52,65,44,47,52,98,85,30,35,190,177,82,69,435,421,77,51,27,29,21,25,65,55,34,26,28,19,42,57,82,55,337,351,178,176,103,112,161,170,163,167,79,105,28,18,83,86,156,184,165,151,53,68,134,142,107,111,149,98,434,378,145,134,107,113,125,104,18,11,305,272,285,282,107.0,92.0,34.0,35.0,100.0,112.0,30.0,38.0,220.0,192.0,227.0,163.0,148.0,115.0,166.0,156.0,47.0,47.0,308.0,281.0,475.0,368.0,202.0,218.0,310.0,311.0,322.0,289.0,605.0,605,107.0,115.0,11.0,15.0,14.0,13.0,10.0,17.0,11.0,6.0,5.0,5.0
19, 19 세,18,23,22,20,41,40,55,61,59,57,97,61,31,35,35,42,25,12,27,53,95,84,53,56,47,50,18,35,48,28,42,45,51,29,63,57,115,94,334,279,205,187,186,177,96,109,94,91,126,97,174,150,52,39,198,182,280,257,373,332,150,101,50,52,65,55,83,85,139,146,288,277,26,30,62,50,75,57,62,53,92,97,29,40,177,160,74,66,403,446,75,56,41,29,30,18,60,62,39,36,27,17,47,47,79,75,339,370,175,174,108,94,165,154,178,133,114,82,25,38,112,95,180,162,140,144,77,65,156,142,134,102,145,110,394,321,137,131,132,105,135,107,13,9,322,267,286,261,115.0,87.0,53.0,41.0,113.0,106.0,46.0,33.0,245.0,175.0,204.0,167.0,114.0,119.0,185.0,162.0,45.0,46.0,300.0,273.0,456.0,416.0,214.0,205.0,292.0,298.0,294.0,275.0,566.0,546,110.0,107.0,14.0,17.0,10.0,11.0,15.0,13.0,12.0,14.0,10.0,4.0
20, 20 세,15,27,24,31,39,53,73,51,45,53,90,95,30,32,42,46,13,44,45,42,89,99,63,54,55,52,28,25,37,32,54,42,56,39,75,93,108,84,307,283,189,204,235,220,121,107,115,86,117,81,189,182,56,51,272,223,265,266,370,327,122,119,54,54,51,57,92,80,137,142,253,269,37,37,68,65,80,91,75,59,106,86,45,34,196,188,82,73,439,437,66,59,31,36,27,23,63,61,55,43,22,19,65,62,96,101,393,347,182,146,136,123,178,166,190,155,84,117,35,28,110,96,189,186,148,150,87,91,198,148,132,125,148,131,379,325,125,110,104,132,130,116,20,12,306,291,307,250,89.0,91.0,55.0,42.0,104.0,105.0,42.0,29.0,198.0,178.0,233.0,197.0,119.0,118.0,180.0,163.0,44.0,54.0,319.0,283.0,446.0,380.0,213.0,204.0,283.0,282.0,278.0,270.0,510.0,475,108.0,119.0,18.0,7.0,14.0,8.0,19.0,17.0,15.0,13.0,9.0,14.0
21, 21 세,32,20,29,30,64,42,90,69,39,43,104,81,42,40,46,47,19,49,46,34,104,102,81,52,66,57,35,27,31,28,46,46,47,46,81,74,89,90,302,266,209,203,220,204,124,136,121,96,130,76,174,164,61,39,239,202,258,230,341,272,138,105,53,51,66,47,102,76,147,122,251,258,28,34,65,59,78,78,71,58,114,97,43,44,174,168,90,81,414,408,72,40,39,31,31,28,80,73,51,38,33,24,72,65,91,94,400,334,179,161,130,112,177,133,185,151,122,93,32,24,133,90,196,145,162,130,66,80,162,153,130,122,132,120,342,333,144,121,128,92,140,118,14,15,306,259,328,254,99.0,77.0,43.0,42.0,116.0,115.0,35.0,38.0,208.0,181.0,236.0,199.0,156.0,121.0,172.0,148.0,53.0,35.0,305.0,283.0,423.0,381.0,211.0,175.0,298.0,240.0,281.0,263.0,497.0,424,114.0,112.0,14.0,12.0,11.0,8.0,25.0,12.0,12.0,5.0,6.0,4.0
22, 22 세,22,41,36,31,39,51,80,56,59,54,75,66,46,49,48,62,33,40,47,44,104,78,74,61,42,43,37,31,35,33,57,38,57,43,76,72,75,72,260,259,230,194,228,179,125,122,121,90,111,97,210,167,47,40,207,219,226,227,286,309,104,99,64,48,60,67,71,67,159,131,257,224,40,38,69,71,89,74,64,57,99,92,39,36,177,161,81,79,403,386,66,51,44,33,27,26,72,59,47,62,33,26,53,68,112,111,406,391,178,164,133,97,180,169,155,117,104,98,31,27,122,93,187,163,163,128,74,65,181,153,122,116,154,102,298,271,133,95,140,107,127,118,12,13,307,252,275,259,101.0,77.0,49.0,41.0,100.0,81.0,33.0,25.0,214.0,159.0,206.0,181.0,131.0,119.0,190.0,166.0,50.0,37.0,285.0,266.0,410.0,362.0,202.0,161.0,264.0,253.0,225.0,204.0,447.0,384,114.0,101.0,14.0,15.0,14.0,7.0,31.0,10.0,12.0,14.0,13.0,6.0
23, 23 세,32,35,38,39,61,50,71,82,58,46,99,88,47,45,51,44,43,39,52,38,107,90,71,57,59,52,30,26,32,40,67,63,53,56,73,72,74,82,259,251,230,201,232,226,126,149,96,95,135,87,191,154,56,41,229,198,228,195,261,249,99,91,58,74,57,51,91,84,145,117,201,208,42,41,76,64,81,78,58,56,108,92,52,46,188,163,83,64,349,334,68,49,43,35,31,26,86,82,53,51,25,20,66,57,105,120,421,361,156,164,124,114,160,165,152,148,111,105,42,22,119,101,197,162,127,124,77,82,176,149,138,116,145,131,266,236,121,119,133,102,146,127,16,19,290,239,263,232,84.0,73.0,49.0,46.0,109.0,86.0,47.0,23.0,184.0,172.0,233.0,202.0,144.0,136.0,167.0,129.0,45.0,44.0,266.0,236.0,393.0,360.0,188.0,154.0,260.0,255.0,238.0,230.0,419.0,347,112.0,97.0,14.0,7.0,12.0,7.0,27.0,20.0,14.0,15.0,7.0,7.0
24, 24 세,28,54,37,35,47,42,75,51,56,61,79,78,40,31,50,50,32,37,40,44,77,95,61,48,62,44,26,29,35,25,59,48,68,56,71,66,70,64,196,215,249,201,238,214,127,161,100,89,97,87,179,167,55,37,204,159,190,188,243,234,100,82,57,56,48,60,87,83,136,128,204,189,42,36,69,52,90,92,66,53,82,89,32,35,174,166,77,61,345,314,53,50,39,24,39,27,81,87,51,53,41,36,82,56,102,110,387,351,163,152,116,108,165,129,162,133,89,97,26,29,105,95,164,131,114,152,68,55,134,130,121,128,99,95,217,185,132,100,119,89,156,121,23,14,249,197,251,233,58.0,72.0,37.0,40.0,100.0,80.0,35.0,28.0,182.0,170.0,179.0,180.0,124.0,116.0,152.0,134.0,56.0,28.0,225.0,216.0,358.0,320.0,167.0,114.0,216.0,215.0,189.0,184.0,358.0,336,109.0,95.0,10.0,8.0,10.0,9.0,26.0,17.0,14.0,14.0,4.0,6.0
25, 25 세,39,37,51,41,55,42,63,52,49,48,77,70,59,38,40,31,51,27,65,47,78,79,52,40,50,37,32,25,28,23,55,52,38,42,69,67,88,50,213,221,215,205,188,179,120,139,84,76,82,68,149,107,55,31,170,151,154,126,220,192,87,59,65,54,40,44,72,59,112,100,170,151,34,24,57,56,75,78,35,54,88,84,31,45,131,133,61,60,264,252,56,51,47,25,27,25,82,69,57,42,30,23,66,60,111,96,359,301,161,132,122,102,139,127,131,125,81,93,35,29,94,84,153,150,136,108,57,63,123,133,111,102,102,86,186,179,101,84,103,81,126,99,21,18,204,211,209,181,61.0,49.0,47.0,22.0,88.0,72.0,27.0,22.0,156.0,138.0,171.0,157.0,122.0,98.0,152.0,114.0,34.0,40.0,188.0,165.0,271.0,249.0,154.0,115.0,188.0,191.0,165.0,172.0,325.0,329,104.0,80.0,5.0,9.0,12.0,10.0,18.0,15.0,6.0,5.0,16.0,5.0
26, 26 세,36,46,47,33,59,54,55,50,43,43,74,78,40,28,58,37,42,36,36,45,87,71,53,43,40,53,22,27,27,24,56,56,35,42,65,72,69,68,168,202,206,183,191,195,127,159,84,69,82,60,131,121,43,38,139,158,132,126,178,215,77,68,49,32,46,47,77,71,118,99,150,151,31,43,70,56,66,64,55,47,87,80,43,51,140,126,64,52,267,260,45,47,19,26,31,31,79,77,47,45,19,30,55,58,94,110,344,273,121,118,116,104,146,134,121,117,96,86,28,34,108,87,124,111,127,123,80,48,107,120,106,101,95,85,160,175,95,78,79,80,109,90,26,16,208,233,213,207,51.0,47.0,41.0,29.0,80.0,63.0,34.0,31.0,170.0,149.0,177.0,157.0,95.0,90.0,107.0,117.0,28.0,27.0,150.0,165.0,273.0,240.0,121.0,93.0,157.0,157.0,154.0,182.0,317.0,296,85.0,90.0,15.0,7.0,14.0,11.0,21.0,13.0,11.0,11.0,13.0,7.0
27, 27 세,49,42,31,24,39,46,51,58,40,41,71,59,46,34,48,31,29,33,49,39,81,64,61,58,56,58,33,26,24,33,65,61,35,51,80,82,75,51,188,211,204,184,184,195,131,120,77,60,80,57,152,126,32,33,139,141,108,140,180,162,63,73,39,38,34,46,59,58,98,111,127,111,43,31,50,45,78,65,63,54,72,73,50,31,131,120,65,45,256,255,46,41,24,22,36,37,77,64,55,45,21,17,66,65,129,94,328,261,142,151,106,100,143,127,122,127,70,93,28,28,97,78,119,96,113,108,60,58,124,128,132,95,94,70,152,149,78,80,78,88,123,87,18,18,204,213,204,202,59.0,43.0,36.0,38.0,82.0,83.0,37.0,25.0,157.0,150.0,140.0,155.0,108.0,72.0,121.0,97.0,46.0,29.0,138.0,148.0,214.0,237.0,117.0,98.0,155.0,201.0,171.0,152.0,312.0,317,94.0,82.0,16.0,8.0,15.0,8.0,25.0,13.0,8.0,3.0,10.0,6.0
28, 28 세,39,42,36,33,44,65,53,44,52,38,54,69,38,32,38,36,34,29,43,46,76,76,41,54,52,43,24,28,24,24,50,52,47,43,67,55,75,72,176,234,180,186,180,152,134,146,77,56,68,65,140,103,28,28,141,131,117,102,153,203,67,88,52,43,67,49,50,60,81,104,130,129,41,25,60,41,73,53,42,58,91,88,31,36,126,114,72,60,219,265,40,53,29,16,44,29,84,67,63,37,28,22,55,71,95,87,278,292,124,120,101,81,127,121,130,119,89,73,30,32,91,77,98,111,129,125,47,46,128,109,106,102,98,73,154,153,79,95,73,76,110,96,20,11,206,297,208,197,78.0,39.0,43.0,34.0,103.0,73.0,20.0,28.0,160.0,167.0,174.0,155.0,105.0,91.0,135.0,102.0,28.0,28.0,147.0,131.0,224.0,217.0,115.0,94.0,145.0,183.0,188.0,180.0,340.0,358,111.0,112.0,6.0,9.0,8.0,7.0,20.0,18.0,12.0,8.0,9.0,5.0
29, 29 세,35,44,52,31,66,44,49,59,47,35,63,52,32,29,25,38,35,24,46,52,73,69,48,36,61,40,36,28,29,35,52,50,40,39,86,79,81,60,222,233,208,192,198,178,145,141,84,63,77,50,129,111,30,26,126,141,120,132,171,192,58,72,29,47,46,39,68,56,95,101,117,122,34,27,62,49,75,57,52,45,80,74,38,32,135,108,67,62,239,253,51,39,28,23,38,34,72,60,41,41,24,29,69,83,108,92,249,233,124,155,96,87,132,125,132,123,98,71,29,22,78,81,97,76,107,125,54,64,117,120,81,96,87,72,149,133,93,89,70,68,121,110,7,10,270,292,215,237,74.0,56.0,35.0,32.0,58.0,74.0,40.0,41.0,161.0,206.0,187.0,148.0,110.0,89.0,124.0,90.0,46.0,43.0,108.0,102.0,217.0,244.0,113.0,128.0,169.0,199.0,204.0,207.0,329.0,385,95.0,104.0,2.0,9.0,14.0,8.0,22.0,12.0,12.0,7.0,8.0,8.0
30, 30 세,43,22,31,33,54,61,56,45,64,50,86,63,31,37,35,28,40,22,56,51,57,67,65,52,51,56,30,24,25,32,58,57,55,42,66,47,85,70,213,237,190,179,182,156,142,153,87,76,77,83,131,111,31,31,107,138,98,134,201,247,85,100,43,38,50,45,68,64,112,116,105,143,35,36,57,46,74,60,54,63,79,94,51,34,127,111,60,48,255,270,58,66,24,24,42,31,72,60,47,30,34,18,80,70,107,86,268,220,131,155,90,82,118,134,139,137,70,79,28,32,78,81,107,85,132,125,55,45,137,101,100,75,72,65,142,131,85,84,93,79,125,90,17,14,313,401,275,245,41.0,60.0,38.0,32.0,82.0,99.0,36.0,27.0,220.0,206.0,185.0,169.0,108.0,73.0,121.0,100.0,37.0,42.0,123.0,85.0,250.0,224.0,129.0,112.0,191.0,212.0,204.0,225.0,395.0,490,111.0,120.0,7.0,4.0,7.0,5.0,23.0,14.0,10.0,5.0,12.0,10.0
31, 31 세,38,35,30,32,66,47,64,52,58,56,63,54,28,37,39,35,40,25,60,64,84,69,58,42,61,61,38,28,38,35,75,61,49,35,66,63,88,69,220,241,217,166,186,160,136,146,68,81,63,66,120,122,33,33,131,122,127,125,202,252,86,94,39,46,47,54,60,74,137,103,112,144,41,38,67,54,80,73,48,48,80,101,45,40,136,141,68,63,235,274,64,57,28,15,37,19,74,51,45,26,29,23,71,58,104,79,265,240,120,146,110,96,115,124,122,154,82,61,46,28,97,80,105,103,126,127,52,36,147,117,103,94,73,67,156,144,91,67,83,62,113,91,14,13,401,409,335,255,58.0,50.0,46.0,27.0,100.0,91.0,37.0,24.0,225.0,235.0,172.0,129.0,93.0,74.0,116.0,133.0,56.0,49.0,92.0,91.0,219.0,212.0,153.0,163.0,197.0,218.0,230.0,199.0,496.0,607,121.0,145.0,8.0,12.0,11.0,8.0,23.0,13.0,5.0,12.0,8.0,6.0
32, 32 세,43,31,35,30,64,68,81,58,50,52,77,61,32,37,48,32,30,24,57,65,75,84,42,51,85,68,21,25,33,53,83,57,43,36,79,70,82,93,258,253,230,182,197,170,171,150,98,85,71,86,108,126,45,36,135,139,141,146,280,291,100,142,53,55,50,67,91,67,117,133,129,164,42,34,77,51,94,66,87,45,118,130,55,35,166,145,91,54,306,326,71,65,32,24,46,34,79,63,49,40,31,25,91,85,135,91,277,246,139,142,112,89,111,124,188,207,72,74,45,30,116,83,109,109,115,143,68,64,144,127,125,104,76,82,182,193,98,95,112,69,99,102,22,10,491,517,321,306,73.0,88.0,41.0,37.0,110.0,111.0,38.0,35.0,294.0,275.0,200.0,167.0,93.0,90.0,161.0,116.0,79.0,49.0,104.0,104.0,255.0,262.0,186.0,163.0,242.0,230.0,295.0,236.0,574.0,792,139.0,197.0,16.0,6.0,16.0,9.0,27.0,20.0,12.0,8.0,12.0,5.0
33, 33 세,46,34,45,32,73,55,68,61,61,42,79,63,45,40,34,35,30,27,75,67,103,100,64,60,75,87,39,28,57,51,69,80,58,30,83,72,111,92,273,252,221,191,198,182,160,176,84,88,89,72,142,123,47,34,145,145,175,200,305,314,102,164,61,55,64,58,93,79,123,136,127,202,47,34,78,68,84,72,70,50,118,169,49,37,160,196,91,90,334,383,69,102,42,33,45,41,72,56,50,31,44,25,121,89,133,102,310,265,174,156,104,84,145,130,212,218,92,73,49,24,113,104,114,116,189,146,63,56,143,131,108,102,110,92,169,211,120,101,97,82,109,103,17,9,533,577,331,318,104.0,79.0,61.0,38.0,146.0,124.0,48.0,41.0,376.0,317.0,226.0,193.0,111.0,82.0,153.0,142.0,62.0,49.0,110.0,119.0,308.0,329.0,201.0,220.0,323.0,320.0,293.0,318.0,683.0,947,201.0,246.0,11.0,7.0,12.0,9.0,38.0,12.0,12.0,7.0,8.0,10.0
34, 34 세,48,25,36,27,75,73,77,59,67,48,71,65,44,39,52,35,29,23,84,68,88,85,57,42,105,88,25,28,61,56,83,79,47,41,97,70,121,122,241,258,200,191,192,170,156,163,83,82,93,73,130,109,45,29,153,155,164,197,295,337,130,177,69,67,74,76,85,82,124,138,166,170,40,41,87,71,84,62,78,57,139,145,49,29,175,159,66,68,347,437,85,88,33,38,49,31,69,46,56,39,33,20,102,104,112,73,269,240,144,172,98,85,123,131,243,221,112,95,26,26,110,95,97,125,156,134,62,60,161,121,98,92,83,77,170,207,101,109,113,97,110,108,15,12,516,588,325,337,78.0,70.0,46.0,30.0,129.0,121.0,53.0,40.0,327.0,312.0,210.0,185.0,106.0,89.0,149.0,130.0,64.0,58.0,110.0,114.0,327.0,332.0,198.0,225.0,271.0,312.0,275.0,354.0,791.0,932,239.0,279.0,8.0,3.0,11.0,3.0,30.0,13.0,17.0,8.0,6.0,4.0
35, 35 세,38,23,32,28,68,52,76,75,56,50,76,71,29,33,48,33,24,22,54,68,107,90,58,59,80,73,30,27,58,44,66,71,45,34,76,83,86,107,232,246,186,189,193,162,147,145,90,78,81,73,129,141,31,35,147,157,172,217,308,353,148,179,61,72,75,69,89,73,136,109,153,191,42,29,65,68,79,50,63,36,140,155,43,37,163,167,68,70,336,414,77,77,48,30,42,27,73,52,58,45,29,15,87,97,108,64,270,253,159,168,116,92,111,111,223,240,115,59,32,31,127,89,112,124,131,153,63,63,138,120,114,84,103,83,179,235,116,138,116,98,100,78,15,11,560,567,364,337,104.0,92.0,44.0,34.0,140.0,133.0,48.0,37.0,323.0,295.0,202.0,185.0,113.0,92.0,142.0,147.0,73.0,48.0,105.0,127.0,286.0,320.0,227.0,246.0,278.0,322.0,334.0,338.0,837.0,"1,049",249.0,285.0,11.0,6.0,18.0,11.0,31.0,15.0,11.0,9.0,15.0,3.0
36, 36 세,31,24,31,29,59,39,62,68,73,54,75,70,37,31,38,32,36,19,75,65,73,79,63,59,79,62,34,25,59,51,65,75,34,46,83,61,109,128,217,266,187,183,146,167,155,133,87,80,68,81,123,127,28,50,127,151,205,280,315,405,152,208,73,71,78,77,83,55,107,129,146,226,42,26,73,58,87,56,73,56,151,127,49,21,172,143,74,72,345,423,73,74,34,21,43,23,65,57,54,44,34,19,103,83,102,63,263,263,143,174,109,104,119,124,219,209,106,66,32,26,104,92,95,143,153,174,51,53,117,146,96,92,95,88,186,232,95,120,105,84,126,87,14,11,611,582,349,375,94.0,88.0,32.0,40.0,139.0,133.0,47.0,37.0,331.0,301.0,217.0,177.0,90.0,98.0,177.0,162.0,84.0,63.0,104.0,162.0,324.0,413.0,206.0,249.0,278.0,318.0,313.0,385.0,900.0,"1,055",276.0,298.0,15.0,8.0,13.0,2.0,29.0,11.0,7.0,6.0,13.0,13.0
37, 37 세,39,22,31,20,49,40,75,49,45,39,54,51,38,38,33,35,22,19,56,47,79,90,53,41,80,51,28,28,52,44,69,61,27,31,78,73,97,72,191,223,178,157,167,129,135,121,74,69,67,58,114,118,33,31,110,140,191,207,279,339,162,216,52,53,68,76,73,57,117,118,155,178,37,23,62,46,75,53,48,35,125,101,29,24,138,141,73,78,321,387,67,71,40,25,21,18,62,50,50,27,18,18,79,56,98,49,239,228,138,135,79,79,89,89,191,157,82,59,24,26,89,97,108,118,122,141,63,45,111,95,110,70,80,93,187,204,97,114,89,70,68,74,16,4,519,490,279,302,82.0,79.0,52.0,30.0,118.0,108.0,25.0,39.0,248.0,243.0,193.0,163.0,84.0,94.0,150.0,146.0,65.0,63.0,118.0,129.0,285.0,308.0,184.0,228.0,243.0,265.0,309.0,329.0,928.0,909,257.0,260.0,8.0,4.0,15.0,4.0,31.0,18.0,10.0,9.0,14.0,6.0
38, 38 세,30,26,30,24,73,55,68,72,59,43,78,46,38,53,43,37,34,21,75,51,77,93,51,56,68,45,30,17,55,35,62,59,35,43,102,71,112,113,210,266,170,164,187,154,140,111,84,71,77,97,103,139,48,38,141,185,217,276,329,425,176,203,64,82,62,61,71,67,94,131,176,253,38,26,91,56,75,66,58,46,130,124,46,34,149,138,66,64,377,425,78,61,26,31,38,21,65,41,47,30,25,20,82,67,97,48,238,251,147,151,98,79,102,106,186,183,86,83,30,27,106,96,105,134,121,132,53,48,118,121,90,84,81,86,181,295,105,113,111,80,88,58,9,10,525,510,315,326,110.0,103.0,49.0,30.0,151.0,125.0,44.0,34.0,293.0,228.0,185.0,170.0,92.0,89.0,155.0,161.0,71.0,64.0,124.0,189.0,322.0,395.0,231.0,218.0,281.0,322.0,324.0,404.0,901.0,"1,041",270.0,236.0,6.0,4.0,9.0,7.0,29.0,20.0,11.0,9.0,15.0,5.0
39, 39 세,32,25,27,31,60,44,59,75,70,36,69,67,45,31,34,29,30,20,57,46,96,72,61,45,71,61,33,24,49,22,71,45,49,36,78,59,114,114,230,248,181,176,176,166,119,121,58,82,79,83,123,126,45,32,145,151,230,296,386,441,195,208,69,64,60,51,65,82,132,110,176,254,44,29,78,49,79,52,65,31,97,98,23,28,145,161,69,47,368,400,67,57,32,29,30,15,79,46,37,32,29,15,87,69,84,72,269,279,145,160,101,77,97,122,187,159,73,60,34,26,91,73,110,146,159,129,57,46,130,110,86,83,90,84,219,316,97,119,86,78,91,73,13,18,476,467,311,279,85.0,99.0,33.0,25.0,131.0,119.0,49.0,27.0,316.0,269.0,176.0,164.0,91.0,98.0,156.0,174.0,62.0,51.0,150.0,175.0,360.0,410.0,243.0,231.0,293.0,296.0,372.0,418.0,928.0,985,246.0,215.0,8.0,6.0,14.0,6.0,22.0,12.0,10.0,10.0,15.0,9.0
40, 40 세,31,15,24,25,56,39,64,59,63,41,69,59,35,26,31,25,19,17,42,35,95,84,55,54,53,46,32,23,40,27,64,62,39,30,77,45,94,107,216,237,173,188,170,158,127,119,84,72,62,75,129,131,45,31,133,149,206,336,374,443,183,186,77,70,76,61,69,67,138,120,197,262,25,21,90,40,75,66,43,38,95,86,38,28,127,154,69,68,372,416,58,57,38,31,25,23,59,42,45,37,36,21,62,57,93,57,293,241,119,165,103,62,115,114,173,162,92,55,37,25,107,89,122,127,119,146,57,65,117,139,119,80,101,83,217,344,116,139,115,93,67,78,16,7,495,445,363,314,118.0,94.0,46.0,42.0,122.0,129.0,32.0,29.0,275.0,247.0,191.0,173.0,86.0,96.0,157.0,165.0,81.0,45.0,154.0,207.0,362.0,429.0,257.0,253.0,258.0,306.0,345.0,410.0,895.0,995,223.0,187.0,13.0,7.0,11.0,7.0,25.0,6.0,12.0,12.0,14.0,3.0
41, 41 세,33,29,38,40,67,30,82,80,58,45,61,57,50,26,44,44,23,20,66,43,73,92,59,49,78,39,37,24,48,51,74,44,58,37,97,73,119,136,249,264,233,218,190,193,129,107,87,70,96,85,136,159,63,33,185,217,274,363,442,513,200,248,62,68,77,61,90,60,117,144,235,323,48,33,75,70,81,66,56,41,105,95,48,27,159,167,68,76,360,431,66,65,49,38,38,20,64,54,32,23,20,17,91,63,102,66,306,334,135,174,104,101,98,119,195,199,116,99,41,20,119,87,107,141,155,175,68,60,131,133,108,105,97,103,296,398,114,126,86,103,105,84,25,12,563,495,402,354,138.0,113.0,38.0,41.0,138.0,146.0,54.0,30.0,281.0,251.0,216.0,172.0,122.0,126.0,197.0,185.0,87.0,71.0,179.0,207.0,404.0,512.0,277.0,295.0,315.0,337.0,426.0,404.0,987.0,"1,068",252.0,195.0,12.0,8.0,5.0,5.0,43.0,13.0,15.0,7.0,13.0,8.0
42, 42 세,50,27,51,52,75,40,76,71,70,41,89,83,35,41,43,52,27,18,58,47,72,94,65,55,82,73,43,20,44,29,77,63,36,54,74,48,106,131,255,313,194,226,212,191,140,120,80,95,79,98,123,149,47,41,158,227,290,363,446,529,207,212,73,69,56,65,81,73,136,150,240,312,47,30,101,50,81,74,45,51,114,99,49,37,140,173,78,70,370,465,56,51,45,25,33,18,66,50,61,35,38,15,82,73,105,68,311,322,143,156,96,98,120,152,189,177,98,70,46,26,95,91,139,169,152,160,71,61,145,132,87,111,118,108,317,430,121,140,89,96,91,100,20,7,516,458,349,365,107.0,111.0,54.0,44.0,161.0,129.0,36.0,35.0,311.0,276.0,211.0,191.0,124.0,135.0,192.0,191.0,86.0,63.0,183.0,245.0,401.0,524.0,294.0,270.0,331.0,356.0,400.0,407.0,973.0,"1,035",234.0,163.0,15.0,5.0,17.0,9.0,28.0,19.0,18.0,14.0,17.0,11.0
43, 43 세,39,15,36,27,71,47,100,74,63,56,77,89,34,32,49,51,29,17,52,30,86,85,65,57,66,61,34,28,39,32,82,65,59,35,91,72,107,121,234,342,196,210,205,183,129,126,80,107,111,101,124,188,45,40,167,216,306,353,469,544,197,222,73,59,64,44,66,77,146,159,263,341,53,37,76,50,81,74,64,50,89,106,45,29,171,171,65,63,396,527,54,73,54,32,32,23,66,55,48,35,32,20,70,58,103,71,307,326,166,177,106,100,120,159,188,185,114,77,29,38,107,111,142,155,150,136,73,71,142,129,106,105,118,125,332,431,131,150,121,114,106,108,15,11,499,436,322,351,114.0,114.0,61.0,51.0,162.0,126.0,42.0,36.0,315.0,271.0,209.0,172.0,119.0,121.0,237.0,201.0,78.0,61.0,167.0,239.0,457.0,495.0,283.0,307.0,322.0,348.0,375.0,430.0,910.0,883,200.0,158.0,18.0,5.0,13.0,10.0,32.0,11.0,15.0,13.0,19.0,5.0
44, 44 세,37,27,49,29,76,46,91,88,68,51,69,76,38,41,59,45,40,15,54,48,98,82,62,72,62,56,39,27,33,33,84,65,57,38,85,70,120,125,249,372,202,206,202,208,110,125,92,90,81,107,139,167,65,53,192,264,342,385,487,517,198,219,79,68,60,65,84,83,136,158,284,348,56,31,73,48,93,71,64,53,95,117,37,34,179,192,63,67,445,479,61,74,49,38,42,27,61,61,42,32,30,26,89,67,119,80,339,367,144,182,122,87,113,164,202,188,93,91,38,23,122,108,152,181,143,177,84,87,139,132,118,143,117,120,360,479,136,168,116,141,96,122,28,15,459,399,354,349,126.0,110.0,51.0,51.0,153.0,147.0,41.0,50.0,299.0,257.0,223.0,204.0,126.0,124.0,216.0,206.0,69.0,62.0,232.0,271.0,459.0,535.0,289.0,262.0,359.0,368.0,457.0,412.0,960.0,885,201.0,155.0,18.0,7.0,12.0,14.0,37.0,12.0,17.0,7.0,18.0,11.0
45, 45 세,46,28,36,26,85,66,69,67,62,57,83,83,42,37,48,40,26,21,50,45,100,118,63,50,64,56,28,29,55,38,83,50,57,41,89,85,118,129,296,303,241,227,204,215,137,127,99,93,101,114,129,171,57,51,196,246,327,345,506,497,195,172,77,74,59,62,83,82,129,165,246,359,47,41,67,66,87,77,67,64,104,108,42,31,170,198,78,82,410,467,59,65,50,42,27,17,78,59,53,31,20,19,75,82,83,79,322,363,146,175,114,115,120,159,203,208,108,107,31,32,125,107,164,173,152,170,67,72,164,155,111,118,127,148,381,486,144,145,117,115,94,121,17,19,398,410,331,340,124.0,104.0,57.0,45.0,149.0,139.0,43.0,34.0,274.0,235.0,223.0,221.0,124.0,128.0,225.0,205.0,81.0,67.0,247.0,300.0,515.0,479.0,288.0,263.0,338.0,353.0,394.0,378.0,907.0,782,173.0,158.0,15.0,7.0,14.0,8.0,32.0,10.0,23.0,12.0,27.0,10.0
46, 46 세,25,26,38,41,80,47,95,74,53,47,98,82,40,23,52,44,40,24,58,40,77,89,59,48,64,72,39,31,40,28,74,59,59,33,81,79,119,105,261,340,194,252,223,207,141,123,78,105,103,111,147,173,66,38,197,238,361,354,427,472,181,146,67,49,57,53,70,89,157,148,266,325,46,25,80,73,82,70,60,54,100,97,35,30,135,184,76,64,334,438,66,62,43,27,42,24,59,66,51,47,31,34,86,69,87,70,343,387,168,177,105,102,131,187,163,170,111,92,39,22,90,107,151,161,155,164,76,68,140,145,122,129,110,139,391,419,129,169,125,115,89,124,21,12,375,365,304,359,107.0,106.0,59.0,57.0,136.0,108.0,37.0,31.0,256.0,219.0,217.0,241.0,118.0,133.0,205.0,178.0,75.0,66.0,240.0,298.0,459.0,477.0,284.0,221.0,338.0,332.0,348.0,320.0,787.0,664,159.0,119.0,18.0,5.0,16.0,13.0,38.0,13.0,17.0,8.0,11.0,6.0
47, 47 세,41,25,40,24,63,56,91,82,73,60,76,84,31,37,55,45,27,29,50,41,68,103,62,66,58,54,31,28,30,40,56,52,43,40,99,90,133,122,286,348,188,209,239,219,117,133,84,111,109,116,166,207,73,76,210,244,331,322,416,430,183,151,63,69,63,63,82,84,128,165,275,300,54,38,96,71,97,99,48,63,111,98,38,40,172,202,64,84,390,466,60,82,52,35,34,19,60,72,58,43,36,29,81,73,100,78,348,396,160,202,137,100,154,181,186,205,113,99,53,43,114,99,184,180,151,175,100,71,167,183,130,128,125,143,403,423,133,163,128,142,133,127,27,16,411,377,366,336,103.0,92.0,57.0,45.0,121.0,113.0,41.0,40.0,259.0,243.0,242.0,253.0,126.0,147.0,217.0,233.0,75.0,67.0,238.0,388.0,494.0,504.0,265.0,256.0,360.0,375.0,346.0,315.0,743.0,685,148.0,122.0,17.0,12.0,21.0,8.0,37.0,21.0,23.0,14.0,8.0,13.0
48, 48 세,47,33,37,26,65,48,81,68,61,65,80,86,28,38,49,53,26,17,44,46,88,74,66,65,66,37,39,29,38,36,75,63,52,52,89,79,120,104,321,336,224,235,185,216,124,135,94,99,83,99,136,184,59,41,223,217,279,291,368,380,155,164,57,80,60,67,84,79,126,163,246,269,42,44,81,79,76,75,62,63,88,84,35,32,185,187,84,86,353,460,61,66,46,35,34,26,53,57,38,38,42,23,89,74,98,86,342,373,144,177,119,132,145,179,168,194,104,99,40,30,118,137,139,185,127,158,81,70,152,171,131,128,120,132,311,389,128,145,117,126,96,128,24,15,348,351,306,297,115.0,80.0,52.0,49.0,133.0,119.0,40.0,41.0,209.0,227.0,236.0,231.0,121.0,140.0,165.0,183.0,81.0,53.0,265.0,291.0,403.0,433.0,235.0,193.0,283.0,339.0,334.0,248.0,623.0,503,123.0,122.0,16.0,14.0,20.0,12.0,37.0,14.0,18.0,12.0,25.0,12.0
49, 49 세,54,27,30,21,79,45,63,77,70,60,96,94,35,28,42,48,28,23,56,40,78,96,55,61,68,58,37,39,56,34,51,59,50,54,84,63,106,73,272,267,199,201,191,204,115,131,97,102,102,97,138,201,70,64,192,216,257,271,389,298,129,129,56,62,44,63,63,89,134,161,272,272,36,42,82,66,95,87,60,61,93,99,39,27,153,168,81,79,361,380,52,60,46,33,41,39,63,63,57,51,39,22,64,67,96,83,344,358,178,158,112,98,142,152,159,169,111,108,38,31,97,101,152,159,150,147,70,68,174,193,125,144,161,140,357,292,118,141,124,135,119,135,22,21,308,300,325,276,106.0,99.0,54.0,62.0,122.0,106.0,36.0,42.0,188.0,197.0,239.0,224.0,136.0,142.0,196.0,161.0,90.0,47.0,256.0,264.0,426.0,419.0,232.0,175.0,312.0,314.0,314.0,225.0,595.0,511,123.0,119.0,17.0,11.0,13.0,12.0,33.0,21.0,17.0,19.0,13.0,11.0
50, 50 세,35,30,36,23,65,53,80,69,68,57,61,85,29,40,37,41,31,26,63,56,87,111,62,83,57,65,30,21,39,35,61,66,53,53,100,98,96,71,283,264,212,167,206,223,89,103,93,117,92,97,141,182,66,60,195,239,247,245,316,306,122,123,63,61,49,61,67,85,136,143,205,285,51,41,80,66,83,92,72,60,89,99,45,39,150,182,96,106,362,403,67,73,46,39,33,26,43,65,59,40,44,37,65,82,101,96,358,422,160,184,116,131,148,169,165,171,108,121,33,30,116,142,148,200,131,130,70,90,152,174,138,171,137,134,345,321,126,124,128,139,114,158,22,24,304,299,301,264,91.0,81.0,47.0,53.0,125.0,112.0,31.0,40.0,209.0,240.0,234.0,252.0,162.0,166.0,171.0,195.0,85.0,48.0,289.0,276.0,395.0,383.0,201.0,163.0,311.0,294.0,290.0,213.0,526.0,483,101.0,114.0,16.0,14.0,12.0,11.0,21.0,25.0,30.0,15.0,19.0,13.0
51, 51 세,27,30,30,23,68,59,75,65,63,39,83,95,35,39,38,46,25,27,48,55,81,109,55,63,59,63,38,33,26,35,74,43,34,66,93,90,106,65,251,259,178,183,203,224,106,114,100,97,104,101,154,210,72,44,207,241,247,231,290,300,116,134,52,58,52,60,71,81,113,132,209,242,38,49,88,65,84,96,60,54,88,113,34,36,161,184,77,71,332,366,55,79,56,39,29,27,71,57,38,27,36,40,71,55,89,73,317,348,170,163,131,132,129,176,142,174,110,114,37,42,120,113,167,216,122,151,71,84,141,154,131,161,101,112,311,277,130,125,133,110,117,146,31,17,282,272,271,242,100.0,76.0,47.0,60.0,100.0,102.0,42.0,32.0,225.0,179.0,224.0,194.0,128.0,106.0,154.0,144.0,69.0,54.0,272.0,245.0,391.0,348.0,173.0,152.0,308.0,236.0,222.0,155.0,416.0,385,108.0,106.0,25.0,15.0,24.0,14.0,38.0,21.0,23.0,17.0,10.0,6.0
52, 52 세,44,34,32,23,70,65,86,82,72,56,86,93,34,34,43,40,26,27,52,55,100,115,69,64,62,73,43,44,40,39,65,61,39,56,87,75,88,86,274,233,169,192,201,235,96,129,106,88,91,115,152,180,69,46,188,215,217,195,258,285,111,117,72,74,50,67,85,95,138,161,223,234,58,40,90,62,85,85,61,87,87,115,31,35,161,168,77,80,320,365,71,81,40,41,30,25,73,59,47,40,34,32,73,62,106,86,361,378,138,167,112,111,151,203,139,160,115,122,44,25,126,141,170,179,120,162,67,75,172,169,131,182,120,106,303,236,109,125,133,121,128,160,28,27,265,282,232,273,84.0,85.0,47.0,48.0,105.0,102.0,42.0,38.0,213.0,192.0,226.0,224.0,124.0,102.0,181.0,132.0,55.0,49.0,270.0,231.0,359.0,300.0,186.0,139.0,273.0,247.0,226.0,147.0,393.0,378,122.0,118.0,28.0,12.0,31.0,17.0,31.0,13.0,32.0,13.0,13.0,18.0
53, 53 세,43,38,32,38,77,53,81,71,72,69,72,98,40,29,30,39,24,35,64,72,99,105,64,72,59,73,47,34,32,32,60,71,43,68,99,109,78,66,248,240,189,175,218,219,128,120,93,110,79,110,151,208,62,69,213,253,215,193,289,266,87,118,55,77,56,53,89,97,121,144,216,256,46,43,78,87,96,94,63,90,91,127,47,40,149,181,71,88,346,351,62,67,59,48,34,25,70,73,41,51,43,31,73,82,103,92,339,367,135,176,137,124,152,176,173,173,108,144,35,39,123,135,169,169,138,159,80,82,171,169,144,166,135,114,252,250,110,138,112,124,134,171,32,28,260,272,253,249,92.0,77.0,56.0,47.0,123.0,90.0,43.0,43.0,207.0,177.0,254.0,212.0,130.0,120.0,157.0,145.0,57.0,58.0,260.0,205.0,346.0,270.0,149.0,121.0,272.0,173.0,183.0,124.0,394.0,339,130.0,88.0,20.0,18.0,22.0,10.0,43.0,28.0,28.0,15.0,30.0,9.0
54, 54 세,55,44,29,35,83,62,82,100,69,63,88,115,33,35,48,37,28,21,81,66,79,120,79,78,79,71,48,43,33,51,65,65,62,51,98,84,83,74,231,251,180,181,194,236,109,129,101,125,98,120,179,197,66,58,198,233,201,193,248,236,111,104,42,73,54,69,93,95,151,163,203,239,53,32,85,86,90,99,83,90,89,142,41,61,184,196,87,119,319,397,71,78,61,52,40,35,61,61,44,50,49,39,90,75,141,126,376,365,161,190,128,138,173,179,170,170,135,136,44,46,116,138,158,191,126,165,86,85,143,191,149,172,124,118,228,242,114,131,114,114,150,191,45,36,246,279,247,258,91.0,72.0,49.0,61.0,117.0,93.0,33.0,33.0,198.0,219.0,252.0,217.0,126.0,126.0,160.0,152.0,76.0,43.0,236.0,183.0,327.0,248.0,148.0,136.0,226.0,203.0,174.0,146.0,325.0,344,108.0,100.0,34.0,21.0,26.0,9.0,42.0,32.0,29.0,18.0,24.0,19.0
55, 55 세,57,58,30,54,88,79,85,89,71,77,102,113,35,43,46,52,42,29,63,81,119,132,86,97,76,89,54,47,37,68,61,79,63,47,108,103,73,72,252,217,169,208,233,274,105,147,108,147,106,145,188,264,87,78,226,257,215,161,273,246,120,149,57,82,65,77,92,113,142,158,200,268,42,46,102,91,94,113,75,109,111,143,52,48,202,224,88,113,334,430,87,85,66,61,41,47,74,79,65,55,54,40,89,108,121,117,354,389,175,206,151,166,162,209,175,189,155,158,50,52,146,169,193,200,147,199,77,100,188,212,179,199,111,127,267,214,118,125,120,129,149,190,45,24,279,266,265,276,104.0,70.0,62.0,52.0,78.0,109.0,43.0,49.0,213.0,201.0,268.0,217.0,149.0,126.0,193.0,153.0,56.0,40.0,254.0,209.0,296.0,265.0,178.0,136.0,230.0,184.0,162.0,156.0,402.0,342,111.0,121.0,27.0,22.0,25.0,20.0,47.0,35.0,34.0,23.0,26.0,18.0
56, 56 세,46,42,31,30,76,72,87,85,74,66,87,110,49,41,53,45,33,26,57,46,108,130,74,85,78,88,43,46,40,52,50,59,60,50,89,104,71,63,205,183,160,171,233,217,118,148,96,144,117,131,161,216,82,46,219,230,165,172,232,241,83,147,61,83,57,86,80,102,133,153,200,241,63,51,91,99,100,110,74,61,111,141,51,62,195,162,80,108,299,378,50,63,58,68,35,41,79,84,45,43,41,37,76,106,102,122,311,364,175,222,150,162,148,174,143,172,133,151,52,51,149,158,163,179,138,157,79,89,162,183,184,177,115,99,201,190,126,114,119,121,154,169,26,32,225,248,246,246,88.0,105.0,52.0,41.0,88.0,89.0,39.0,44.0,179.0,215.0,216.0,192.0,107.0,135.0,143.0,130.0,69.0,37.0,220.0,152.0,243.0,184.0,136.0,125.0,175.0,171.0,132.0,139.0,275.0,329,133.0,112.0,35.0,22.0,28.0,20.0,45.0,36.0,22.0,29.0,21.0,21.0
57, 57 세,51,34,40,44,92,71,80,83,63,65,97,85,47,45,45,43,34,28,51,75,109,145,51,71,76,69,47,52,46,54,62,82,41,47,75,86,60,52,174,180,144,161,208,226,96,137,95,127,95,110,164,196,74,69,156,199,117,126,209,196,84,125,51,73,49,58,74,79,132,121,195,218,40,65,102,112,81,86,74,79,92,134,38,48,157,165,83,89,305,342,64,67,56,43,36,31,62,88,48,43,27,41,76,74,102,86,291,291,156,182,113,126,127,155,118,147,120,147,32,48,102,139,146,143,127,159,64,86,137,179,161,183,84,90,159,141,98,100,87,85,145,141,32,25,208,204,196,212,75.0,68.0,44.0,67.0,76.0,75.0,41.0,37.0,176.0,171.0,219.0,174.0,108.0,108.0,127.0,131.0,39.0,34.0,195.0,145.0,214.0,170.0,103.0,102.0,144.0,141.0,117.0,119.0,247.0,253,99.0,87.0,25.0,27.0,17.0,19.0,43.0,38.0,18.0,24.0,18.0,12.0
58, 58 세,47,54,45,43,74,67,104,89,64,69,91,100,31,34,43,50,42,33,47,62,119,150,72,76,88,66,44,40,50,42,84,71,49,54,79,76,50,45,174,165,145,168,203,218,105,125,108,109,90,105,192,210,60,47,168,192,129,131,193,182,79,117,49,86,50,80,89,102,130,136,188,209,56,40,97,82,92,96,55,82,87,118,52,44,156,178,80,92,249,315,46,63,65,73,43,38,62,71,42,61,41,46,75,87,110,110,292,280,154,172,138,137,160,149,127,153,122,148,38,40,102,142,155,136,127,134,71,84,129,158,162,193,90,73,165,125,81,86,110,108,132,139,31,36,211,194,206,188,80.0,72.0,56.0,52.0,92.0,81.0,35.0,37.0,186.0,178.0,167.0,179.0,112.0,94.0,108.0,119.0,41.0,39.0,155.0,108.0,165.0,152.0,97.0,102.0,125.0,138.0,110.0,92.0,233.0,261,83.0,90.0,18.0,23.0,24.0,32.0,37.0,34.0,21.0,25.0,15.0,13.0
59, 59 세,43,37,36,28,82,64,47,82,71,48,83,99,34,29,39,34,30,25,55,61,108,100,48,70,74,58,37,47,46,41,66,69,42,47,63,63,49,57,136,141,136,130,156,193,98,103,97,108,82,83,156,178,67,51,176,147,91,98,167,164,91,89,48,60,72,49,59,97,94,128,145,170,43,34,81,71,82,69,62,70,108,111,40,48,144,158,71,80,226,299,55,62,44,46,37,21,67,67,29,36,34,33,69,76,83,87,203,237,157,143,101,129,136,116,96,132,101,124,35,28,112,125,112,99,88,114,58,68,137,130,138,157,80,66,131,113,87,74,85,74,113,104,29,21,170,166,183,165,55.0,61.0,46.0,45.0,61.0,75.0,26.0,24.0,130.0,164.0,172.0,130.0,82.0,86.0,101.0,95.0,28.0,28.0,98.0,87.0,142.0,104.0,106.0,86.0,103.0,123.0,76.0,93.0,203.0,209,70.0,74.0,16.0,11.0,17.0,19.0,38.0,28.0,23.0,15.0,18.0,15.0
60, 60 세,53,51,36,46,82,74,87,79,74,80,90,109,29,45,29,36,20,33,43,67,85,124,86,80,61,80,45,52,46,43,57,85,45,55,85,72,50,45,129,141,137,142,201,209,93,117,88,111,91,92,170,169,49,40,139,184,109,103,167,167,76,92,55,81,60,61,71,93,114,153,168,200,55,49,76,76,82,94,69,79,93,118,47,46,132,148,71,86,271,290,53,58,65,54,33,25,69,78,48,58,47,31,63,79,90,96,222,241,162,178,107,124,114,127,108,156,134,144,29,30,126,119,130,113,98,108,65,62,116,158,139,154,70,73,98,115,101,87,90,88,139,126,36,24,164,172,166,180,57.0,65.0,58.0,54.0,64.0,74.0,43.0,41.0,147.0,143.0,166.0,154.0,75.0,80.0,89.0,82.0,34.0,28.0,94.0,75.0,116.0,122.0,86.0,88.0,99.0,112.0,95.0,95.0,175.0,227,75.0,82.0,28.0,22.0,22.0,18.0,48.0,34.0,27.0,21.0,18.0,13.0
61, 61 세,47,40,33,32,67,61,62,65,52,53,83,86,36,40,29,33,24,23,41,59,106,106,63,67,62,57,30,46,29,48,59,73,30,39,71,71,41,31,100,110,100,114,156,157,99,98,62,69,80,75,132,120,43,49,109,127,97,99,129,137,65,75,46,39,42,56,61,88,62,96,156,113,33,46,63,86,84,100,55,73,91,85,34,48,95,139,61,78,240,247,47,48,51,46,27,26,57,61,32,39,43,33,63,72,67,77,197,211,132,127,124,132,87,101,99,129,97,149,28,36,91,103,96,101,94,89,58,66,123,123,113,130,63,57,92,73,79,75,78,60,94,70,29,24,139,141,139,160,60.0,55.0,40.0,58.0,52.0,71.0,29.0,33.0,116.0,110.0,138.0,123.0,71.0,49.0,80.0,67.0,32.0,32.0,88.0,58.0,93.0,107.0,80.0,97.0,70.0,102.0,70.0,81.0,144.0,187,52.0,54.0,17.0,16.0,18.0,16.0,46.0,38.0,18.0,20.0,19.0,13.0
62, 62 세,44,35,21,32,50,62,62,67,37,43,52,65,31,26,27,47,15,31,47,58,85,86,53,53,52,59,24,39,30,41,48,64,41,36,39,62,31,31,100,93,92,119,131,139,61,85,83,57,53,75,112,114,40,41,109,113,74,72,120,130,48,63,43,41,35,49,50,71,73,95,137,118,29,38,61,72,60,56,50,55,75,75,27,37,108,101,64,58,194,238,40,44,40,39,21,20,40,50,28,42,29,28,75,71,50,70,145,199,117,108,76,93,91,66,88,113,96,96,23,33,78,98,75,82,72,89,49,61,86,118,90,108,43,49,75,74,63,48,57,73,89,75,26,27,113,126,123,143,41.0,61.0,37.0,38.0,51.0,58.0,24.0,29.0,124.0,106.0,83.0,105.0,44.0,44.0,73.0,71.0,24.0,23.0,57.0,60.0,75.0,83.0,67.0,83.0,61.0,66.0,50.0,73.0,121.0,158,50.0,60.0,24.0,19.0,13.0,17.0,32.0,31.0,25.0,21.0,14.0,10.0
63, 63 세,49,38,33,42,55,78,45,72,46,59,58,81,27,43,30,35,21,35,50,54,86,102,60,65,62,56,37,49,34,46,60,73,27,36,74,59,40,37,114,99,119,111,153,155,72,85,74,78,80,80,115,123,45,38,119,122,86,124,123,137,59,70,43,72,37,62,70,76,86,97,118,126,40,47,60,92,82,88,63,55,79,102,41,44,113,124,84,70,224,247,46,53,47,63,22,16,52,66,37,55,34,34,90,75,87,81,203,186,115,127,90,90,84,102,83,123,106,140,37,35,104,119,72,98,75,79,52,72,115,133,111,123,44,53,64,95,60,56,81,57,60,86,27,19,129,142,137,144,54.0,69.0,47.0,59.0,55.0,61.0,17.0,17.0,102.0,109.0,120.0,105.0,65.0,50.0,57.0,47.0,25.0,29.0,65.0,65.0,72.0,82.0,65.0,92.0,87.0,83.0,66.0,72.0,144.0,181,65.0,57.0,19.0,21.0,24.0,23.0,37.0,31.0,24.0,29.0,23.0,13.0
64, 64 세,36,35,22,39,57,56,47,63,39,57,66,75,28,28,30,38,18,16,42,50,68,81,51,50,51,45,42,27,22,35,49,64,22,31,41,63,29,42,67,95,80,95,138,155,62,92,69,59,62,49,101,65,34,32,98,105,58,52,86,81,45,65,48,67,38,43,63,73,60,77,81,94,32,37,68,78,50,70,38,47,59,92,36,38,91,97,60,49,177,180,24,48,42,44,21,26,54,63,39,32,30,17,48,60,52,76,135,164,97,79,90,105,59,68,78,85,113,104,30,31,66,89,69,74,65,73,52,59,107,101,82,86,39,44,54,59,51,45,49,47,77,72,17,17,107,132,111,104,39.0,56.0,26.0,45.0,50.0,52.0,17.0,29.0,109.0,77.0,84.0,94.0,49.0,28.0,54.0,64.0,17.0,17.0,42.0,44.0,58.0,69.0,58.0,64.0,59.0,71.0,67.0,73.0,115.0,139,44.0,38.0,17.0,14.0,9.0,18.0,33.0,35.0,16.0,20.0,12.0,12.0
65, 65 세,41,33,29,40,52,60,52,66,52,53,65,62,29,26,23,37,23,21,34,57,84,101,45,60,53,50,34,51,40,35,70,68,42,29,51,64,37,34,74,84,105,95,124,143,69,90,46,68,48,65,101,81,33,38,92,91,66,79,86,112,45,48,51,61,41,48,65,71,68,85,89,100,32,38,68,73,59,61,35,55,68,68,35,46,102,115,58,57,181,214,33,36,31,47,32,21,57,50,35,40,36,33,60,78,67,87,173,176,98,88,93,62,81,64,87,80,101,105,32,37,99,104,66,68,50,76,61,64,120,98,87,105,44,47,58,61,48,49,56,60,72,63,21,25,104,112,106,119,42.0,52.0,42.0,55.0,45.0,71.0,18.0,25.0,74.0,81.0,80.0,100.0,45.0,53.0,50.0,57.0,18.0,24.0,41.0,48.0,73.0,84.0,62.0,84.0,53.0,75.0,43.0,58.0,104.0,141,39.0,31.0,13.0,19.0,21.0,11.0,29.0,27.0,29.0,22.0,15.0,22.0
66, 66 세,52,30,27,32,55,64,52,86,48,61,57,67,26,36,32,32,26,24,48,45,91,99,65,74,54,52,43,40,26,33,59,75,33,42,42,66,18,38,84,80,99,103,138,146,83,86,56,58,59,66,74,106,36,34,81,96,76,79,116,132,46,68,50,61,35,64,68,98,76,90,94,112,43,47,72,84,51,65,47,48,73,94,44,28,86,108,61,58,189,243,40,35,54,59,24,21,44,72,33,33,40,44,49,85,76,62,147,166,90,77,74,95,71,92,96,85,96,119,42,36,86,103,72,73,76,87,68,72,87,110,93,109,45,41,54,76,42,37,62,58,74,62,23,20,110,124,101,107,38.0,77.0,65.0,54.0,50.0,59.0,27.0,42.0,85.0,107.0,83.0,118.0,54.0,45.0,54.0,49.0,30.0,19.0,39.0,48.0,71.0,69.0,67.0,65.0,73.0,76.0,47.0,73.0,90.0,156,40.0,39.0,21.0,15.0,12.0,27.0,30.0,35.0,31.0,17.0,10.0,30.0
67, 67 세,24,31,27,44,44,62,49,76,45,61,63,68,30,22,37,33,20,38,36,58,79,93,53,42,52,58,27,47,24,23,56,68,43,36,50,51,27,38,74,91,85,94,123,130,69,74,60,47,51,61,89,78,36,28,87,90,59,81,96,125,42,58,44,52,41,46,64,69,73,66,73,83,39,42,68,89,70,73,46,48,67,74,31,28,93,107,46,58,174,200,35,40,41,46,27,27,60,57,30,41,28,31,69,46,71,78,152,178,67,73,93,88,52,56,89,91,73,103,34,30,86,85,71,72,49,60,75,52,86,95,90,94,40,38,52,83,45,53,63,46,76,72,19,26,109,112,103,95,49.0,50.0,30.0,45.0,60.0,58.0,25.0,24.0,80.0,79.0,87.0,94.0,39.0,35.0,53.0,47.0,18.0,18.0,43.0,48.0,48.0,79.0,52.0,82.0,48.0,80.0,60.0,63.0,102.0,139,46.0,39.0,22.0,18.0,26.0,22.0,32.0,36.0,16.0,12.0,20.0,22.0
68, 68 세,38,32,39,47,69,81,67,77,43,63,70,82,21,32,19,41,19,26,44,63,77,98,41,50,44,60,30,68,32,47,67,72,31,34,63,65,33,35,77,105,84,102,136,144,87,96,63,47,57,58,80,72,39,39,73,102,52,79,89,128,54,48,53,66,51,39,63,71,67,81,69,113,42,57,80,107,66,57,55,56,71,74,35,51,91,103,66,53,161,200,30,40,49,47,26,31,52,67,40,64,27,37,60,74,56,66,140,156,69,83,86,71,67,72,78,89,95,117,20,33,88,102,72,64,67,63,56,61,86,95,76,104,45,43,66,80,38,49,47,43,57,89,24,25,99,124,106,133,45.0,60.0,47.0,59.0,50.0,58.0,28.0,37.0,78.0,97.0,96.0,90.0,38.0,35.0,42.0,57.0,22.0,30.0,46.0,46.0,71.0,96.0,53.0,58.0,48.0,79.0,50.0,72.0,104.0,156,39.0,42.0,20.0,27.0,26.0,16.0,52.0,39.0,21.0,25.0,15.0,23.0
69, 69 세,41,32,31,37,45,47,49,64,38,43,48,84,19,20,23,28,23,30,29,46,63,80,33,40,30,54,30,45,16,21,48,66,29,28,45,47,18,27,68,91,76,62,79,112,65,64,41,57,52,54,58,63,27,32,70,70,66,55,70,100,31,44,31,48,32,40,59,65,50,70,83,87,32,35,62,82,59,70,43,45,47,53,23,36,76,66,46,50,151,139,31,27,44,39,20,16,44,36,32,39,33,28,54,53,59,58,145,98,74,57,71,65,54,54,65,67,91,89,24,27,68,81,57,63,50,66,44,55,67,55,74,78,26,41,46,62,35,56,48,47,47,48,12,19,57,85,82,96,47.0,46.0,46.0,41.0,43.0,49.0,28.0,19.0,72.0,77.0,58.0,79.0,30.0,31.0,48.0,40.0,17.0,18.0,42.0,36.0,61.0,73.0,53.0,56.0,47.0,58.0,53.0,48.0,86.0,117,25.0,32.0,18.0,17.0,12.0,15.0,28.0,24.0,23.0,17.0,19.0,20.0
70, 70 세,27,32,22,35,41,39,45,54,47,45,52,71,15,26,19,22,22,19,28,48,67,66,30,52,41,50,36,38,20,24,43,39,21,23,49,51,16,31,57,69,70,57,79,121,54,58,36,36,23,49,53,65,31,26,82,57,50,59,75,89,33,36,35,49,28,25,46,60,46,71,67,67,27,33,41,77,50,47,34,33,47,49,26,19,63,70,41,41,161,141,17,22,33,36,18,15,44,50,19,46,15,21,50,38,46,42,90,121,56,51,56,61,43,49,55,59,69,84,20,26,52,69,37,49,34,64,39,54,82,66,55,89,23,27,34,54,43,29,29,43,32,47,15,18,63,77,73,78,36.0,49.0,35.0,41.0,41.0,40.0,15.0,20.0,72.0,70.0,62.0,67.0,27.0,20.0,29.0,32.0,11.0,18.0,29.0,34.0,48.0,45.0,47.0,53.0,52.0,57.0,37.0,47.0,61.0,105,18.0,20.0,18.0,17.0,19.0,18.0,18.0,38.0,13.0,17.0,17.0,13.0
71, 71 세,31,33,26,30,41,45,45,47,38,45,45,56,21,19,26,34,16,10,24,40,65,82,39,32,35,35,26,46,23,36,42,53,29,22,38,41,20,39,54,86,62,66,83,102,51,59,35,34,34,32,50,66,26,23,54,68,46,54,85,81,30,50,39,30,29,48,52,70,37,53,59,62,38,45,62,59,45,53,37,40,44,60,34,25,52,66,42,37,116,140,28,24,25,45,15,25,43,55,28,28,21,23,47,46,47,65,92,121,57,63,51,63,37,45,50,58,60,63,19,18,62,64,52,42,40,52,49,57,67,75,63,84,22,33,38,64,30,39,31,41,44,49,15,21,58,99,80,81,35.0,40.0,29.0,33.0,25.0,55.0,17.0,31.0,45.0,73.0,64.0,92.0,20.0,29.0,35.0,29.0,11.0,15.0,38.0,38.0,48.0,46.0,30.0,46.0,38.0,59.0,48.0,54.0,66.0,101,15.0,35.0,19.0,20.0,14.0,16.0,22.0,25.0,18.0,19.0,20.0,26.0
72, 72 세,29,24,24,30,46,41,47,73,26,49,44,55,17,21,26,26,19,16,33,43,49,65,40,36,31,34,36,42,12,16,52,43,23,29,32,40,14,36,51,78,70,65,70,88,64,48,28,37,46,37,36,42,27,22,58,69,41,53,68,88,30,37,29,35,30,33,41,36,54,84,50,78,31,38,69,60,35,40,28,30,52,45,22,30,60,60,37,22,97,143,18,15,27,44,16,23,37,48,28,31,18,22,56,35,48,41,104,111,49,47,61,60,35,36,38,46,66,69,16,15,35,77,36,40,30,65,31,33,45,64,38,95,16,35,41,70,33,31,26,32,25,53,16,10,58,78,48,76,37.0,45.0,31.0,47.0,32.0,37.0,15.0,16.0,45.0,49.0,38.0,87.0,26.0,19.0,33.0,36.0,13.0,22.0,33.0,35.0,34.0,62.0,35.0,44.0,40.0,58.0,35.0,43.0,60.0,91,20.0,23.0,14.0,19.0,19.0,22.0,27.0,27.0,15.0,22.0,20.0,25.0
73, 73 세,44,22,29,46,67,72,60,78,53,64,74,81,22,22,37,46,20,28,59,50,67,89,52,40,48,54,41,47,18,27,70,60,33,45,63,56,28,45,66,91,71,65,121,129,57,70,44,57,53,53,49,68,32,46,47,106,47,66,90,122,25,46,50,61,37,46,56,64,76,67,69,90,39,48,84,88,57,57,37,49,55,67,35,40,65,73,50,50,145,163,29,36,36,63,23,26,55,65,45,35,22,23,48,59,73,77,123,145,58,59,69,68,57,67,62,71,94,83,28,34,70,89,59,66,53,72,56,46,85,72,54,103,34,30,65,98,45,55,56,52,50,65,17,32,76,106,92,123,44.0,54.0,45.0,59.0,62.0,66.0,30.0,27.0,77.0,87.0,73.0,114.0,25.0,33.0,36.0,41.0,13.0,30.0,43.0,54.0,44.0,91.0,49.0,55.0,53.0,77.0,47.0,75.0,88.0,117,32.0,41.0,21.0,31.0,20.0,24.0,32.0,44.0,13.0,36.0,20.0,35.0
74, 74 세,32,27,30,36,39,50,50,54,43,49,66,62,25,34,24,28,14,20,37,36,65,80,30,51,46,50,42,33,23,20,37,40,24,33,40,50,21,27,55,87,56,60,81,114,44,52,37,28,41,48,42,49,18,43,37,75,34,61,80,91,24,31,33,52,26,31,45,56,59,70,56,85,27,56,50,71,50,43,28,33,44,54,20,27,60,73,35,45,116,125,18,20,34,54,18,23,27,31,23,25,26,25,42,37,50,56,90,94,45,56,56,54,30,49,54,51,57,81,25,30,60,72,28,67,43,68,42,34,58,73,47,82,37,30,32,90,30,44,15,43,42,67,12,28,55,94,65,83,31.0,43.0,26.0,35.0,43.0,51.0,16.0,20.0,60.0,75.0,50.0,94.0,20.0,34.0,21.0,40.0,15.0,31.0,24.0,51.0,42.0,83.0,37.0,56.0,42.0,72.0,38.0,43.0,59.0,91,25.0,28.0,21.0,24.0,13.0,24.0,32.0,50.0,15.0,34.0,22.0,28.0
75, 75 세,24,16,28,19,28,29,52,55,33,60,39,52,17,19,33,25,10,23,22,44,56,88,36,33,37,32,37,26,20,23,32,43,15,23,41,30,19,28,44,75,36,48,72,101,46,53,25,26,29,33,32,45,22,29,42,70,43,56,49,87,17,30,26,31,19,42,35,55,37,84,44,76,37,25,43,60,42,43,26,19,33,36,28,19,49,44,30,34,76,123,17,32,34,54,12,12,39,47,15,32,21,15,32,42,42,38,72,104,33,49,34,60,21,33,39,41,53,70,15,20,37,68,28,40,40,61,24,37,46,51,53,90,16,26,35,70,23,32,35,32,38,60,12,28,55,88,41,77,17.0,35.0,25.0,31.0,34.0,35.0,12.0,11.0,36.0,71.0,38.0,78.0,19.0,22.0,21.0,33.0,11.0,25.0,21.0,38.0,40.0,60.0,29.0,48.0,31.0,57.0,24.0,47.0,43.0,76,11.0,29.0,15.0,20.0,10.0,23.0,20.0,35.0,14.0,33.0,18.0,36.0
76, 76 세,16,17,21,25,39,25,29,44,37,44,53,42,25,25,26,20,12,19,18,45,59,79,27,36,36,32,17,30,10,24,40,51,28,19,33,40,20,27,49,97,41,51,55,107,44,61,29,30,30,37,44,40,23,30,33,69,33,62,51,78,18,35,27,28,26,28,37,44,36,58,46,82,26,34,47,55,26,32,29,28,37,41,36,25,44,45,24,28,96,130,14,25,25,62,12,18,38,30,27,23,17,16,35,35,39,35,63,92,35,37,47,42,34,43,30,49,46,73,20,24,34,61,39,40,38,55,23,36,45,46,43,89,17,23,34,69,32,32,26,29,25,70,17,26,38,72,50,65,24.0,30.0,26.0,35.0,23.0,46.0,11.0,10.0,25.0,68.0,39.0,91.0,9.0,25.0,30.0,38.0,15.0,19.0,29.0,38.0,30.0,77.0,20.0,39.0,29.0,60.0,23.0,39.0,41.0,69,20.0,26.0,21.0,19.0,12.0,24.0,17.0,30.0,26.0,39.0,20.0,28.0
77, 77 세,23,16,27,22,41,30,36,44,26,36,49,50,14,23,22,18,10,17,22,40,61,69,15,25,31,37,17,31,7,20,34,34,25,19,17,36,20,28,48,62,35,48,50,76,42,48,22,34,21,32,34,51,15,36,30,63,33,48,48,66,12,22,23,37,21,17,32,44,42,48,42,65,16,24,42,70,21,32,21,25,36,39,13,26,40,48,24,33,88,107,16,25,29,38,11,12,39,31,24,25,12,24,27,20,35,36,65,80,37,37,42,35,23,38,28,52,43,60,7,15,44,56,29,45,39,56,33,42,32,48,39,71,14,28,32,70,24,40,22,40,21,57,13,17,48,80,34,72,23.0,40.0,17.0,40.0,23.0,37.0,12.0,16.0,45.0,40.0,36.0,88.0,20.0,28.0,16.0,33.0,11.0,15.0,26.0,31.0,22.0,54.0,22.0,49.0,27.0,53.0,19.0,40.0,36.0,65,16.0,17.0,15.0,31.0,11.0,17.0,22.0,27.0,16.0,38.0,24.0,31.0
78, 78 세,17,12,18,16,18,35,39,33,23,35,36,46,9,16,15,28,9,10,21,21,47,59,20,29,28,36,14,32,12,13,30,24,16,17,17,34,23,26,30,53,34,43,36,85,34,55,17,30,21,34,27,40,21,27,31,56,33,46,53,73,21,25,16,25,16,28,21,40,34,46,38,67,24,28,33,44,22,39,9,19,25,45,16,19,35,46,18,28,68,121,10,20,29,49,18,7,17,28,15,23,10,25,22,29,43,50,65,77,32,39,40,40,27,34,17,39,38,49,17,19,35,58,22,33,26,40,25,26,40,45,42,82,12,12,35,59,20,30,13,28,17,52,12,22,41,76,48,63,23.0,32.0,17.0,23.0,21.0,45.0,9.0,19.0,37.0,60.0,36.0,81.0,17.0,25.0,9.0,32.0,3.0,19.0,24.0,39.0,26.0,60.0,19.0,41.0,32.0,49.0,18.0,39.0,28.0,63,15.0,26.0,14.0,24.0,5.0,11.0,14.0,37.0,23.0,30.0,15.0,33.0
79, 79 세,12,11,17,18,28,30,35,43,20,33,39,30,13,19,20,24,17,14,17,32,42,57,20,27,17,27,21,27,8,10,22,21,18,12,14,24,16,15,33,60,18,28,33,65,29,34,16,31,14,26,22,45,15,30,29,60,21,38,35,59,9,23,29,44,16,18,16,31,24,51,36,63,17,25,22,38,19,25,12,28,25,41,14,16,26,40,13,20,63,85,8,22,18,41,15,12,28,32,16,20,12,16,18,26,24,30,47,65,18,25,29,39,18,42,27,40,28,44,6,10,18,57,24,42,34,46,19,26,32,45,21,80,17,28,24,58,14,23,10,18,24,38,11,15,19,66,35,56,22.0,29.0,18.0,18.0,17.0,29.0,3.0,14.0,23.0,47.0,25.0,68.0,9.0,32.0,13.0,22.0,4.0,22.0,20.0,26.0,19.0,51.0,16.0,36.0,25.0,39.0,11.0,31.0,28.0,67,8.0,16.0,10.0,18.0,5.0,19.0,13.0,30.0,9.0,23.0,13.0,33.0
80, 80 세,12,13,16,22,21,33,13,34,25,27,19,31,14,18,10,21,7,10,19,36,37,56,17,23,15,29,24,21,13,11,24,18,12,16,18,29,17,18,33,50,24,31,42,69,32,42,17,30,15,34,24,36,11,26,30,63,27,26,32,60,7,12,16,31,11,26,23,25,27,52,43,50,12,22,30,47,21,32,7,25,16,29,8,17,23,33,13,24,64,111,7,21,26,59,6,9,26,26,13,12,10,19,12,25,22,35,43,61,22,25,25,40,16,31,22,33,31,50,6,15,25,55,22,40,27,35,12,21,29,38,27,63,15,16,25,47,12,32,13,18,13,58,11,18,37,68,26,70,12.0,18.0,15.0,13.0,17.0,36.0,8.0,13.0,21.0,58.0,31.0,81.0,14.0,33.0,18.0,20.0,6.0,20.0,24.0,35.0,20.0,52.0,13.0,31.0,24.0,42.0,14.0,26.0,33.0,62,6.0,20.0,12.0,19.0,8.0,25.0,13.0,33.0,12.0,23.0,21.0,32.0
81, 81 세,14,16,15,22,15,25,25,24,16,29,25,32,9,9,9,27,9,12,15,18,46,41,21,28,22,27,15,21,8,9,13,23,11,10,16,27,5,26,35,54,17,40,32,53,21,34,13,19,22,30,13,36,8,26,23,59,16,27,36,44,7,26,23,25,11,22,24,37,23,44,31,56,10,16,19,44,13,25,9,13,17,29,8,12,14,27,8,16,48,87,8,15,22,46,5,8,17,22,9,20,13,10,15,21,20,20,30,62,24,32,25,38,18,38,14,27,20,57,11,10,23,50,13,26,14,28,23,16,29,41,24,71,10,24,30,40,13,27,9,27,21,45,11,14,30,55,39,49,13.0,19.0,10.0,20.0,14.0,30.0,12.0,11.0,20.0,39.0,23.0,71.0,12.0,21.0,14.0,26.0,11.0,11.0,17.0,26.0,27.0,42.0,8.0,30.0,17.0,38.0,13.0,24.0,18.0,61,5.0,22.0,15.0,29.0,5.0,20.0,10.0,23.0,10.0,18.0,20.0,34.0
82, 82 세,11,9,11,19,11,21,13,26,11,25,23,26,4,18,7,7,17,19,7,20,32,38,11,17,13,23,9,11,2,14,17,21,5,10,11,23,9,21,23,44,22,29,15,59,23,31,9,20,12,29,15,37,8,24,10,50,21,22,26,48,9,20,15,23,7,11,18,26,12,37,21,46,9,17,16,29,6,15,6,29,16,29,4,10,14,29,10,18,46,64,6,14,20,40,3,9,12,15,10,9,6,14,9,21,12,25,31,58,14,24,19,25,10,40,14,28,19,36,3,7,25,36,12,26,14,22,7,15,12,30,27,50,6,13,21,39,14,22,7,12,19,43,5,7,13,44,11,33,16.0,27.0,10.0,16.0,9.0,21.0,4.0,14.0,17.0,46.0,11.0,51.0,9.0,13.0,10.0,14.0,9.0,15.0,13.0,22.0,11.0,35.0,10.0,19.0,10.0,33.0,10.0,23.0,10.0,38,5.0,13.0,5.0,15.0,3.0,14.0,10.0,17.0,6.0,27.0,11.0,18.0
83, 83 세,10,15,7,13,9,23,14,28,14,19,20,33,4,12,9,9,4,3,7,20,23,31,7,21,6,26,8,22,3,7,15,23,4,7,8,20,5,8,23,31,16,32,18,35,19,29,10,16,13,18,22,31,7,18,10,47,12,26,27,54,5,26,12,28,9,7,15,24,16,47,16,31,13,13,9,30,13,15,5,12,13,24,7,13,10,39,5,12,36,73,6,18,12,27,5,7,15,15,3,7,7,10,6,18,7,18,25,32,5,29,16,18,18,35,9,23,12,38,4,5,15,32,11,22,13,25,12,15,11,27,8,37,4,12,21,42,7,21,12,18,7,38,4,11,9,41,14,47,10.0,15.0,5.0,18.0,6.0,25.0,4.0,8.0,15.0,32.0,12.0,43.0,2.0,16.0,6.0,16.0,2.0,23.0,10.0,22.0,15.0,48.0,10.0,13.0,11.0,20.0,11.0,30.0,15.0,44,9.0,14.0,5.0,19.0,6.0,6.0,7.0,19.0,15.0,20.0,5.0,13.0
84, 84 세,4,5,10,13,10,14,12,22,10,17,12,17,2,7,6,13,5,6,10,23,18,39,3,11,8,19,7,12,2,7,9,12,9,7,7,19,8,13,13,35,15,27,19,34,11,27,8,15,2,17,13,31,7,22,10,41,11,19,11,31,5,8,6,20,10,9,5,19,17,17,22,38,6,8,13,22,5,14,3,14,10,24,4,10,8,18,7,12,18,54,3,17,3,23,4,6,7,15,8,6,7,11,8,17,5,18,17,35,9,21,11,18,7,27,7,26,13,32,3,10,15,28,7,20,11,26,5,7,9,25,18,50,3,6,13,30,8,16,8,14,9,36,5,11,9,41,20,35,9.0,11.0,8.0,15.0,7.0,18.0,2.0,6.0,11.0,28.0,5.0,42.0,4.0,10.0,5.0,22.0,2.0,9.0,6.0,21.0,9.0,35.0,3.0,23.0,8.0,16.0,5.0,18.0,18.0,39,5.0,10.0,4.0,13.0,3.0,12.0,3.0,16.0,3.0,17.0,6.0,14.0
85, 85 세,5,10,3,14,4,16,10,18,8,15,7,19,4,8,2,11,5,9,9,18,17,26,7,19,3,21,5,12,5,9,3,20,1,7,4,15,3,11,13,24,10,19,5,46,9,19,5,18,4,21,7,19,4,20,6,24,6,19,20,29,6,15,8,21,3,12,7,29,9,40,10,32,6,12,8,25,3,8,2,11,6,24,6,10,5,21,8,19,30,53,7,14,13,22,1,5,7,9,4,10,5,9,1,21,10,12,12,45,10,19,7,20,8,28,8,19,10,33,1,4,13,27,4,16,9,17,8,19,11,26,8,51,2,11,10,36,4,28,7,11,7,25,2,14,12,52,9,33,4.0,13.0,10.0,6.0,13.0,18.0,4.0,4.0,7.0,34.0,9.0,53.0,4.0,10.0,5.0,11.0,1.0,9.0,10.0,25.0,7.0,37.0,8.0,21.0,5.0,28.0,7.0,15.0,8.0,36,5.0,12.0,2.0,18.0,2.0,13.0,5.0,19.0,4.0,19.0,7.0,13.0
86, 86 세,6,14,6,10,3,15,8,22,8,12,6,17,3,11,6,7,2,7,5,9,17,34,8,13,6,17,5,11, - ,13,8,18,5,5,8,16,5,10,12,25,4,14,14,41,8,23,8,14,7,22,13,20,6,12,13,34,9,23,13,34,7,8,11,17,5,7,7,19,7,26,17,32,6,9,12,22,3,10,4,8,11,22,6,4,11,27,3,14,16,52,3,15,5,19,8,2,7,9,4,4,10,5,7,13,5,14,14,37,6,26,12,13,7,16,6,20,14,33,5,8,10,23,8,17,4,17,7,12,4,21,8,37,3,10,10,21,4,22,4,14,7,20,2,8,14,39,11,32,5.0,15.0,5.0,9.0,5.0,14.0,1.0,9.0,8.0,34.0,9.0,34.0,6.0,12.0,9.0,16.0,,5.0,8.0,16.0,9.0,21.0,6.0,11.0,6.0,11.0,2.0,19.0,8.0,30,2.0,8.0,5.0,14.0,1.0,3.0,7.0,12.0,5.0,13.0,3.0,13.0
87, 87 세,2,6,8,14,3,2,7,8,5,12,6,9,3,6,7,6,4,4,3,10,19,17,4,14,6,11,3,10,2,7,7,13,3,5,3,15,2,7,6,12,8,18,13,31,11,12,4,8,1,11,10,26,5,13,5,18,4,14,17,22,1,12,6,12,2,6,5,14,7,22,10,14,3,6,4,22,4,13,1,8,8,12,3,3,7,17, - ,2,9,30,2,15,7,28,2,6,6,5,3,4,5,3,5,15,2,12,7,29,3,32,1,13,10,15,6,27,6,24, - ,8,7,24,4,17,6,16,8,7,8,16,2,22,3,13,10,14,2,11,3,6,3,21,3,9,5,32,7,18,4.0,7.0,1.0,7.0,3.0,11.0,3.0,8.0,4.0,20.0,3.0,35.0,2.0,13.0,5.0,7.0,1.0,3.0,5.0,10.0,7.0,19.0,4.0,3.0,7.0,21.0,6.0,12.0,7.0,21,1.0,6.0,5.0,5.0,2.0,6.0,9.0,15.0,3.0,5.0,3.0,9.0
88, 88 세,3,8,2,7,7,13,6,19,5,10,5,7,2,10,4,7,2,2,6,13,6,17, - ,11,5,19,10,8,1,4,3,9,1,4,5,13,1,10,5,10,4,17,4,22,8,18,1,11,3,8,6,17,2,15,6,13,7,10,8,25,4,11,5,10,3,8,7,11,4,17,7,28,3,5,8,13,2,13,4,8,5,19,2,4,5,23,3,9,12,32,2,10,4,13,1,2,6,8,1,2,2,6,5,7,4,12,5,21,1,12,3,10,5,15,6,17,6,19, - ,8,3,22,6,12,5,23,4,7,3,11,5,19,2,7,6,15,3,16,2,7,6,12,4,9,10,23,9,21,1.0,11.0,2.0,4.0,1.0,14.0,1.0,7.0,7.0,15.0,2.0,26.0,1.0,10.0,4.0,7.0,1.0,5.0,3.0,14.0,3.0,7.0,2.0,11.0,3.0,9.0,3.0,8.0,1.0,26,5.0,12.0,3.0,9.0,,6.0,2.0,8.0,1.0,4.0,2.0,5.0
89, 89 세,1,6,2,9,7,5,5,2,3,6,4,10, - ,2,4,4,3,6,3,5,6,13,4,5,3,8,1,2,1,1,1,11,1,8,1,5,1,4,4,14,2,10,6,15,3,8,1,10,5,10,5,18,2,11,4,10,5,9,6,14, - ,4,2,3,2,7,4,13,6,18,8,15, - ,9,2,7, - ,4,1,7,6,7, - ,1,3,10,4,6,11,37, - ,9,2,5,1,4,3,5,1,3,2,10, - ,11,3,7,5,16,1,6,4,6,3,20,2,10,2,11,1,3,7,13,3,11,2,5,2,9,4,15,5,15, - ,6,4,9,5,10,2,9,1,9,1,5,6,14,5,18,4.0,7.0,,10.0,3.0,4.0,,7.0,2.0,11.0,1.0,19.0,1.0,6.0,4.0,5.0,2.0,5.0,1.0,11.0,3.0,12.0,,10.0,2.0,5.0,2.0,8.0,3.0,25,,11.0,1.0,3.0,3.0,3.0,2.0,7.0,1.0,9.0,3.0,4.0
90, 90 세,2,5,1,3,3,5,3,5,1,6,4,5,1,3, - ,2,1,3,4,4,7,8,1,5,6,18,2,3,1,3,2,10, - ,2,1,8,2,5,4,11,2,10,8,15,1,10,1,11,5,6,1,10, - ,8, - ,14,1,14,4,19, - ,8,4,1, - ,3, - ,8,4,8,5,17,2,6,3,5, - ,2,2,1,1,9,2,4, - ,12,1,6,8,23,1,6,4,12,1,2,1,7,2, - ,1,4,2,7,1,6,2,15,4,12,1,6,4,9,4,5,1,8, - ,4,2,9, - ,12,1,9,1,7,7,5,2,8,3,7,3,7,1,6, - ,5,2,8, - ,5,3,17,6,9,1.0,5.0,3.0,4.0,1.0,8.0,,3.0,4.0,16.0,3.0,22.0,1.0,5.0,,4.0,2.0,2.0,,9.0,3.0,11.0,1.0,4.0,5.0,8.0,3.0,3.0,2.0,19,,7.0,,7.0,2.0,5.0,4.0,8.0,1.0,6.0,1.0,6.0
91, 91 세, - ,5,3,3,1,6,2,5,2,7,3,4, - ,4, - , - ,1,5, - ,7,3,7, - ,6,2,5,1,5,4,2,1,4,1,2,2,6,3,1,3, - ,1,13,4,11,2,4,2,2,2,6,2,9, - ,7,3,10, - ,3,1,11,1,3,1,6, - ,2, - ,4,3,7,7,8,1,1,2,3, - ,3,1,4,4,5, - ,3,1,3, - ,1,6,15, - ,4,3,4, - ,2,2,4,2, - , - ,4, - ,7,1,4,4,11,1,1, - ,9,1,5,1,10, - ,7, - ,2,1,5,1,6, - ,6,2,2,3,6,5,5, - ,2,1,5, - ,6,2,2,1,3,4,1,2,14,1,9,2.0,,2.0,4.0,2.0,4.0,1.0,2.0,3.0,8.0,4.0,9.0,,1.0,,3.0,1.0,1.0,2.0,7.0,1.0,6.0,1.0,3.0,1.0,3.0,4.0,5.0,1.0,10,1.0,5.0,2.0,2.0,2.0,,2.0,4.0,3.0,5.0,2.0,5.0
92, 92 세,1,2, - ,3,1,5, - ,6,2,2,1,2,2,5, - ,2, - ,3,1,5,9,6,1,6, - ,5,1,3,2,1,3,5, - ,4,4,6,2,1,1,5,1,10,4,16,1,7, - ,5, - ,7,3,10,3,5,3,11, - ,10,1,18, - ,1,1,5,3,9,1,7,4,12,2,15,1,4,2,7,3,4, - ,3,4,7, - ,1,1,6,1,5,7,16,1,7,1,6, - ,1, - ,8,2,1,1,6,2,4,2,5,6,11, - ,6,2,5,1,8,1,1,1,7,2,5,2,12,2,2,1,7, - ,2,1,7,3,10, - ,4,4,5,5,2,2,5,1,11, - ,6, - ,8,2,5,,,1.0,3.0,,5.0,,1.0,2.0,7.0,,21.0,,4.0,1.0,7.0,1.0,3.0,2.0,5.0,,6.0,1.0,3.0,2.0,4.0,2.0,7.0,1.0,13,4.0,4.0,,5.0,,1.0,1.0,6.0,,4.0,1.0,7.0
93, 93 세,2,2,3,4,2,4, - ,4, - ,4, - ,7, - ,2, - ,3, - , - ,1,5,2,12,1,2,2,6, - ,2, - , - , - ,1, - ,3,2,2, - ,2,4,8, - ,7,2,11, - ,4, - ,4,1,4,1,4, - ,4,6,7,2,8, - ,12,3,3,2,4, - ,1,2,6,1,3,1,7,1,1,3,5, - ,5,1,2, - ,4,1,3,1,6,1,5,3,15, - ,4,1,7,1,2, - ,5, - ,3, - ,3,1,3, - ,3,3,9,1,5,1,5, - ,7,1,6,2,9, - ,1, - ,6, - , - ,1,4,1,2,3,3,1,5,1,1,2,4,3,2, - , - ,1,5,1,1, - ,13, - ,9,,4.0,1.0,4.0,1.0,3.0,,,,7.0,2.0,10.0,,1.0,1.0,3.0,,,1.0,1.0,4.0,7.0,,2.0,1.0,5.0,1.0,6.0,3.0,9,1.0,,1.0,5.0,,1.0,,2.0,2.0,5.0,2.0,3.0
94, 94 세,1,1, - ,2, - ,2, - ,6, - ,3, - ,3,1,3,1,1, - , - , - ,2,1,13,1,2,2,4, - ,2, - ,1, - ,1, - ,2,2,1, - ,1,1,5, - ,4,2,10,1,7, - ,4, - ,3,1,3, - ,3,1,3, - ,4, - ,7,1,3,2,1, - ,2, - ,3, - ,5,2,7, - , - , - ,6, - ,4, - ,2,2,2,3, - , - ,5,1,2,2,11, - ,5,1,6, - ,1, - ,3, - ,1, - ,3, - ,2, - ,3, - ,3,1,4, - , - ,2,2, - ,9, - ,4, - ,1, - ,3,1,4,1,1, - ,1,1,2, - ,10,2,4, - ,1, - ,2, - , - , - ,1, - ,2,1,10,1,7,,1.0,,3.0,2.0,3.0,,3.0,,6.0,,6.0,,,1.0,1.0,,,1.0,3.0,,4.0,,4.0,,5.0,1.0,3.0,,9,,1.0,2.0,3.0,,1.0,,3.0,,5.0,1.0,4.0
95, 95 세, - ,1, - ,2, - ,4, - , - , - ,1, - ,3,1, - , - ,3,1,1,2,1,4,3,1,1,1,3,1,1, - ,1, - , - ,1,3, - , - , - , - , - ,1,1,4, - ,3,1,6,1,2, - ,1, - ,5, - ,3, - ,2, - ,2,1,3, - ,2,1, - , - ,2,1,4, - ,3,1,5,1,1, - ,3, - , - , - ,1, - ,4, - ,2,2,5, - , - , - ,6,1,1, - ,4, - , - , - ,1,1,2, - ,3, - ,3, - ,5,1,1, - ,4,1,2, - ,2, - ,5,1,2, - , - , - ,4, - ,1, - ,3, - ,1, - ,5, - ,4, - ,1,1,4, - ,1, - ,4, - ,2, - ,3, - ,4,3,5,1.0,2.0,,2.0,,4.0,,2.0,1.0,2.0,1.0,4.0,,2.0,,2.0,,,,,,5.0,,1.0,2.0,2.0,1.0,3.0,,4,,1.0,1.0,2.0,,2.0,,3.0,1.0,,,
96, 96 세, - , - , - ,3, - ,1, - , - , - ,1,2,5, - ,1, - ,2,1,1, - ,2,1,1,1,2, - ,3,1,1, - , - , - ,1, - ,2, - ,4, - ,1, - ,1, - ,4, - ,1, - , - , - ,2, - ,1, - , - , - ,1, - ,6,1,1,1,2, - ,1,1,1, - ,2, - ,2, - ,1, - , - ,1,1,1,3,1, - , - ,2, - ,1, - ,2, - ,2, - ,1,1,7, - ,2,1,1,1, - , - , - , - , - ,1,1, - , - , - ,3,1,3, - ,2,1,1, - ,3, - ,2, - ,2, - ,1, - ,5,1,1, - ,2, - ,1,2,2, - ,4,1, - ,1,1,1,1, - ,2,2,1, - , - , - ,1, - ,3,,2.0,1.0,2.0,,1.0,,1.0,3.0,1.0,,4.0,,1.0,,1.0,,1.0,,2.0,1.0,2.0,,3.0,,,,1.0,1.0,,,1.0,,,,2.0,,1.0,,1.0,1.0,5.0
97, 97 세,1,3, - ,1, - ,1, - ,1,1,3, - ,3, - , - , - , - , - ,1, - , - , - , - , - ,1, - ,1, - ,2, - , - , - ,1, - , - , - , - , - ,1, - ,1,1,2, - ,4, - ,1,1,2, - ,3,1,1, - ,1, - ,1, - ,2,1,4, - ,2, - , - , - ,1, - ,3, - ,4,1,1, - ,2, - ,2, - ,2, - , - , - ,1,1,2, - ,1, - ,1, - ,3, - ,1, - ,3, - , - , - ,2, - ,1, - ,1, - , - , - ,1, - ,1, - ,1,1,1, - ,1, - ,2, - ,1, - ,2, - ,3, - ,2,1, - ,1,1, - ,2, - ,2, - , - , - , - , - ,1, - , - ,1,2, - ,1,1,3, - ,1,,1.0,,3.0,1.0,3.0,,3.0,,,,,,,,,,,,1.0,,3.0,,1.0,,,,,1.0,3,,,1.0,2.0,,1.0,,,,1.0,,5.0
98, 98 세, - , - , - , - ,1, - ,1,1, - , - , - , - , - , - , - , - , - ,1, - , - ,1,3, - , - , - ,2, - ,1, - , - , - , - , - , - ,1,1, - ,1, - , - , - ,2, - ,4, - ,1, - ,1, - , - , - ,2, - , - , - ,3, - , - ,1,1, - ,2, - , - ,1,1, - ,1,1,1, - ,2, - ,1,1, - , - , - , - , - , - , - , - ,1, - ,1, - , - , - ,4, - ,1, - ,3, - , - , - , - ,1,1, - ,1, - , - , - ,1, - ,2, - , - , - , - , - , - , - , - , - , - , - , - ,1,2, - ,2, - ,2, - , - ,1, - , - ,1, - , - , - , - , - ,1, - ,1, - , - , - ,1, - ,1, - ,2,,1.0,,,,1.0,,,,,,2.0,,,,,,,,,,,,1.0,,1.0,,,,2,,1.0,,,,,,,,,,1.0
99, 99 세, - , - , - , - , - ,2, - ,1, - , - , - , - , - , - , - ,1, - , - , - ,2, - , - , - ,3, - ,2, - , - , - , - ,1,1, - ,1, - ,1, - ,1,1,1, - , - , - ,4, - , - , - , - , - ,2, - ,1, - ,2, - , - , - ,1, - , - , - ,1,1,2,1, - , - , - , - ,1, - , - , - ,1, - , - , - , - , - ,1, - ,1, - , - , - , - , - , - , - ,3, - ,1, - , - , - , - , - , - , - ,2, - , - , - ,3, - ,1,2,3, - ,3, - ,1, - , - , - , - , - ,1, - , - , - ,2, - , - , - , - , - ,3,1,1, - ,1, - ,1,1, - , - ,1,1, - , - , - , - , - , - , - , - , - ,,,,2.0,,,,,,2.0,,,,,,2.0,,,,,,2.0,,,,1.0,,,,,,,,1.0,,,,,,,,1.0
100,100+, - ,2, - ,5, - ,5,1, - , - ,4, - ,1,3,3, - ,1, - , - ,2,7,1,1, - ,2,1,6,1,7, - , - , - ,1, - ,2,2,9, - , - , - , - , - ,2,1,7, - ,4, - ,2, - ,2, - ,3, - ,5, - ,4, - ,1, - ,1, - , - ,1,10,1,4, - ,7,1,1, - ,6,2,9, - ,5, - ,1,1,3, - , - ,2,6, - ,5, - ,4, - ,8, - ,2,1,2,1,4,1,5, - ,4, - ,3, - ,4,,4, - ,4, - ,1,1, - ,1,2,1, - ,3,9, - ,1, - ,3, - ,1, - ,1, - ,1,,3, - ,2, - , - , - ,1, - ,4, - ,4, - ,2, - ,2,1,7,1,1,,1.0,,5.0,,6.0,,2.0,,2.0,,5.0,,1.0,,2.0,,,,4.0,,3.0,,,,2.0,,2.0,,,,3.0,,,1.0,2.0,,2.0,1.0,2.0,,2.0
